GeoType,CDTAType,GeogName,GeoID,Borough,Pop_1E,Pop_1M,Pop_1C,Pop_1P,Pop_1Z,MaleE,MaleM,MaleC,MaleP,MaleZ,FemE,FemM,FemC,FemP,FemZ,PopU181E,PopU181M,PopU181C,PopU181P,PopU181Z,Pop65pl1E,Pop65pl1M,Pop65pl1C,Pop65pl1P,Pop65pl1Z,MdAgeE,MdAgeM,MdAgeC,Pop_2E,Pop_2M,Pop_2C,Pop_2P,Pop_2Z,Hsp1E,Hsp1M,Hsp1C,Hsp1P,Hsp1Z,NHspE,NHspM,NHspC,NHspP,NHspZ,WtNHE,WtNHM,WtNHC,WtNHP,WtNHZ,BlNHE,BlNHM,BlNHC,BlNHP,BlNHZ,AIANNHE,AIANNHM,AIANNHC,AIANNHP,AIANNHZ,AsnNHE,AsnNHM,AsnNHC,AsnNHP,AsnNHZ,NHPINHE,NHPINHM,NHPINHC,NHPINHP,NHPINHZ,OthNHE,OthNHM,OthNHC,OthNHP,OthNHZ,Rc2plNHE,Rc2plNHM,Rc2plNHC,Rc2plNHP,Rc2plNHZ
CDTA2020,CD,BK01 Williamsburg-Greenpoint (CD 1 Equivalent),301,Brooklyn,"166,194","3,251",1.2,100,0,"80,847","2,180",1.6,48.6,0.9,"85,347","2,009",1.4,51.4,0.7,"42,840","1,725",2.4,25.8,0.9,"14,278",722,3.1,8.6,0.4,29.5,0.3,0.6,"166,194","3,251",1.2,100,0,"48,778","2,333",2.9,29.4,1.3,"117,416","2,976",1.5,70.6,1.1,"98,587","2,691",1.7,59.3,1.1,"8,079","1,096",8.2,4.9,0.7,390,204,31.7,0.2,0.1,"8,672","1,079",7.6,5.2,0.6,72,88,74.4,0.0,0.1,348,168,29.3,0.2,0.1,"1,268",270,13.0,0.8,0.2
CDTA2020,CD,BK02 Downtown Brooklyn-Fort Greene (CD 2 Approximation),302,Brooklyn,"96,717","2,573",1.6,100,0,"45,467","1,619",2.2,47.0,1.1,"51,251","1,532",1.8,53.0,0.7,"15,090","1,008",4.1,15.6,1.0,"9,715",632,4.0,10.0,0.6,34.8,0.5,0.8,"96,717","2,573",1.6,100,0,"14,157","1,201",5.2,14.6,1.2,"82,560","2,482",1.8,85.4,1.2,"43,262","1,713",2.4,44.7,1.3,"27,938","1,625",3.5,28.9,1.5,99,62,37.8,0.1,0.1,"7,498",869,7.0,7.8,0.9,10,16,97.3,0.0,0.0,400,179,27.3,0.4,0.2,"3,354",591,10.7,3.5,0.6
CDTA2020,CD,BK03 Bedford-Stuyvesant (CD 3 Approximation),303,Brooklyn,"145,961","3,225",1.3,100,0,"65,876","1,953",1.8,45.1,0.9,"80,085","2,134",1.6,54.9,0.8,"39,293","1,657",2.6,26.9,1.0,"14,304",989,4.2,9.8,0.6,31.5,0.6,1.1,"145,961","3,225",1.3,100,0,"26,495","1,826",4.2,18.2,1.2,"119,466","3,181",1.6,81.8,1.2,"13,298","1,248",5.7,9.1,0.8,"99,375","3,005",1.8,68.1,1.4,309,146,28.8,0.2,0.1,"4,297",866,12.2,2.9,0.6,32,47,89.3,0.0,0.0,899,334,22.6,0.6,0.2,"1,256",286,13.9,0.9,0.2
CDTA2020,CD,BK04 Bushwick (CD 4 Equivalent),304,Brooklyn,"112,013","2,940",1.6,100,0,"55,545","1,932",2.1,49.6,1.1,"56,468","1,795",1.9,50.4,0.9,"30,682","1,454",2.9,27.4,1.1,"7,938",571,4.4,7.1,0.5,29.2,0.5,1.0,"112,013","2,940",1.6,100,0,"77,436","2,897",2.3,69.1,1.8,"34,577","1,856",3.3,30.9,1.4,"7,146",794,6.8,6.4,0.7,"21,794","1,582",4.4,19.5,1.3,252,187,45.2,0.2,0.2,"4,116",675,10.0,3.7,0.6,0,,,,,537,245,27.8,0.5,0.2,732,267,22.2,0.7,0.2
CDTA2020,CD,BK05 East New York-Cypress Hills (CD 5 Approximation),305,Brooklyn,"182,307","3,606",1.2,100,0,"82,458","2,237",1.6,45.2,0.8,"99,849","2,257",1.4,54.8,0.6,"53,935","1,843",2.1,29.6,0.8,"16,215",800,3.0,8.9,0.4,31.2,0.6,1.1,"182,307","3,606",1.2,100,0,"68,100","3,006",2.7,37.4,1.5,"114,207","3,269",1.7,62.6,1.3,"7,715",823,6.5,4.2,0.4,"95,229","3,014",1.9,52.2,1.3,240,142,35.9,0.1,0.1,"6,978","1,097",9.6,3.8,0.6,112,179,97.2,0.1,0.1,"2,458",668,16.5,1.3,0.4,"1,475",422,17.4,0.8,0.2
CDTA2020,CD,BK06 Park Slope-Carroll Gardens (CD 6 Approximation),306,Brooklyn,"113,118","2,711",1.5,100,0,"53,780","1,919",2.2,47.5,1.3,"59,337","1,539",1.6,52.5,0.5,"21,306","1,099",3.1,18.8,0.9,"9,869",952,5.9,8.7,0.8,35.2,0.5,0.8,"113,118","2,711",1.5,100,0,"22,231","1,653",4.5,19.7,1.4,"90,887","2,410",1.6,80.3,0.9,"68,020","1,971",1.8,60.1,1.0,"12,668","1,109",5.3,11.2,0.9,363,223,37.3,0.3,0.2,"6,925",822,7.2,6.1,0.7,0,,,,,519,263,30.8,0.5,0.2,"2,391",472,12.0,2.1,0.4
CDTA2020,CD,BK07 Sunset Park-Windsor Terrace (CD 7 Approximation),307,Brooklyn,"128,413","2,899",1.4,100,0,"65,524","1,867",1.7,51.0,0.9,"62,888","1,725",1.7,49.0,0.8,"29,502","1,324",2.7,23.0,0.9,"11,671","1,265",6.6,9.1,1.0,32.7,0.5,0.9,"128,413","2,899",1.4,100,0,"59,390","2,426",2.5,46.2,1.6,"69,023","2,399",2.1,53.8,1.4,"32,022","1,607",3.1,24.9,1.1,"4,078",654,9.8,3.2,0.5,187,131,42.4,0.1,0.1,"30,646","1,883",3.7,23.9,1.4,24,55,142.8,0.0,0.0,669,288,26.2,0.5,0.2,"1,396",341,14.9,1.1,0.3
CDTA2020,CD,BK08 Crown Heights (North) (CD 8 Approximation),308,Brooklyn,"95,656","2,425",1.5,100,0,"42,082","1,609",2.3,44.0,1.3,"53,574","1,637",1.9,56.0,1.0,"21,156","1,250",3.6,22.1,1.2,"9,564",592,3.8,10.0,0.6,33.6,0.6,1.1,"95,656","2,425",1.5,100,0,"10,778","1,200",6.8,11.3,1.2,"84,878","2,445",1.8,88.7,1.2,"16,182","1,158",4.4,16.9,1.1,"63,444","2,321",2.2,66.3,1.7,162,132,49.5,0.2,0.1,"2,882",591,12.5,3.0,0.6,0,,,,,490,231,28.7,0.5,0.2,"1,718",364,12.9,1.8,0.4
CDTA2020,CD,BK09 Crown Heights (South) (CD 9 Approximation),309,Brooklyn,"96,725","2,426",1.5,100,0,"43,566","1,566",2.2,45.0,1.2,"53,159","1,576",1.8,55.0,0.9,"22,532","1,238",3.3,23.3,1.1,"10,441",594,3.5,10.8,0.6,34.4,0.8,1.5,"96,725","2,426",1.5,100,0,"7,509","1,022",8.3,7.8,1.0,"89,216","2,479",1.7,92.2,1.1,"16,884","1,489",5.4,17.5,1.5,"69,455","2,251",2.0,71.8,1.5,86,65,45.6,0.1,0.1,"1,437",488,20.6,1.5,0.5,0,,,,,529,214,24.6,0.5,0.2,824,226,16.7,0.9,0.2
CDTA2020,CD,BK10 Bay Ridge-Dyker Heights (CD 10 Approximation),310,Brooklyn,"125,290","2,541",1.2,100,0,"61,082","1,606",1.6,48.8,0.8,"64,208","1,587",1.5,51.2,0.7,"24,314","1,210",3.0,19.4,0.9,"19,183",930,2.9,15.3,0.7,38.9,0.7,1.0,"125,290","2,541",1.2,100,0,"17,272","1,568",5.5,13.8,1.2,"108,018","2,566",1.4,86.2,1.1,"77,425","2,122",1.7,61.8,1.1,"1,338",347,15.8,1.1,0.3,235,158,41.0,0.2,0.1,"27,085","2,015",4.5,21.6,1.5,143,159,67.7,0.1,0.1,299,177,35.9,0.2,0.1,"1,493",442,18.0,1.2,0.4
CDTA2020,CD,BK11 Bensonhurst-Bath Beach (CD 11 Approximation),311,Brooklyn,"169,248","3,060",1.1,100,0,"82,003","1,890",1.4,48.5,0.7,"87,245","1,870",1.3,51.5,0.6,"33,985","1,399",2.5,20.1,0.7,"29,514","1,072",2.2,17.4,0.5,39.3,0.5,0.8,"169,248","3,060",1.1,100,0,"19,754","1,869",5.8,11.7,1.1,"149,494","3,022",1.2,88.3,0.8,"87,133","2,387",1.7,51.5,1.1,884,273,18.8,0.5,0.2,181,124,41.8,0.1,0.1,"59,531","2,889",3.0,35.2,1.6,83,117,86.0,0.0,0.1,187,153,49.7,0.1,0.1,"1,495",476,19.3,0.9,0.3
CDTA2020,CD,BK12 Borough Park-Kensington (CD 12 Approximation),312,Brooklyn,"191,972","3,800",1.2,100,0,"96,140","2,282",1.4,50.1,0.7,"95,833","2,246",1.4,49.9,0.6,"62,930","2,220",2.1,32.8,1.0,"19,505",864,2.7,10.2,0.4,29.0,0.5,1.0,"191,972","3,800",1.2,100,0,"25,093","2,064",5.0,13.1,1.0,"166,880","3,868",1.4,86.9,1.0,"126,661","3,620",1.7,66.0,1.4,"4,598",866,11.5,2.4,0.4,183,163,54.1,0.1,0.1,"33,550","2,059",3.7,17.5,1.0,21,52,148.4,0.0,0.0,485,310,38.8,0.3,0.2,"1,382",414,18.2,0.7,0.2
CDTA2020,CD,BK13 Coney Island-Brighton Beach (CD 13 Approximation),313,Brooklyn,"99,634","2,412",1.5,100,0,"45,354","1,477",2.0,45.5,1.0,"54,280","1,501",1.7,54.5,0.7,"17,543","1,139",3.9,17.6,1.1,"24,217",911,2.3,24.3,0.7,46.4,0.7,1.0,"99,634","2,412",1.5,100,0,"14,315","1,518",6.4,14.4,1.5,"85,319","2,297",1.6,85.6,1.0,"59,209","1,807",1.9,59.4,1.1,"13,574","1,328",5.9,13.6,1.3,179,117,39.9,0.2,0.1,"11,327","1,319",7.1,11.4,1.3,17,23,81.7,0.0,0.0,176,202,69.6,0.2,0.2,837,281,20.4,0.8,0.3
CDTA2020,CD,BK14 Flatbush-Midwood (CD 14 Approximation),314,Brooklyn,"158,736","3,378",1.3,100,0,"74,232","2,053",1.7,46.8,0.8,"84,504","2,062",1.5,53.2,0.6,"40,761","1,650",2.5,25.7,0.9,"16,200",769,2.9,10.2,0.4,33.8,0.6,1.0,"158,736","3,378",1.3,100,0,"22,735","2,250",6.0,14.3,1.4,"136,001","3,208",1.4,85.7,0.9,"61,135","2,203",2.2,38.5,1.1,"59,475","2,452",2.5,37.5,1.3,290,231,48.5,0.2,0.1,"12,669","1,427",6.8,8.0,0.9,0,,,,,852,337,24.0,0.5,0.2,"1,580",444,17.1,1.0,0.3
CDTA2020,CD,BK15 Sheepshead Bay-Gravesend (East) (CD 15 Approximation),315,Brooklyn,"144,413","2,817",1.2,100,0,"69,652","1,747",1.5,48.2,0.8,"74,761","1,729",1.4,51.8,0.6,"28,670","1,317",2.8,19.9,0.8,"24,396",916,2.3,16.9,0.5,41.2,0.7,1.0,"144,413","2,817",1.2,100,0,"10,380","1,335",7.8,7.2,0.9,"134,033","2,804",1.3,92.8,0.7,"104,408","2,412",1.4,72.3,0.9,"4,405",863,11.9,3.1,0.6,36,41,69.9,0.0,0.0,"24,016","1,983",5.0,16.6,1.3,0,,,,,146,110,45.8,0.1,0.1,"1,022",536,31.9,0.7,0.4
CDTA2020,CD,BK16 Ocean Hill-Brownsville (CD 16 Approximation),316,Brooklyn,"80,148","2,455",1.9,100,0,"33,975","1,433",2.6,42.4,1.2,"46,173","1,582",2.1,57.6,0.9,"24,981","1,355",3.3,31.2,1.4,"8,040",490,3.7,10.0,0.5,29.9,0.8,1.7,"80,148","2,455",1.9,100,0,"15,988","1,470",5.6,19.9,1.7,"64,160","2,263",2.1,80.1,1.4,"1,070",624,35.4,1.3,0.8,"61,302","2,318",2.3,76.5,1.7,237,159,40.8,0.3,0.2,441,231,31.9,0.6,0.3,34,32,57.9,0.0,0.0,503,255,30.8,0.6,0.3,573,195,20.7,0.7,0.2
CDTA2020,CD,BK17 East Flatbush (CD 17 Approximation),317,Brooklyn,"158,410","3,266",1.3,100,0,"70,388","1,904",1.6,44.4,0.8,"88,021","2,135",1.5,55.6,0.7,"36,509","1,549",2.6,23.0,0.9,"18,757",877,2.8,11.8,0.5,36.6,0.7,1.2,"158,410","3,266",1.3,100,0,"11,023","1,382",7.6,7.0,0.9,"147,386","3,214",1.3,93.0,0.7,"2,550",505,12.0,1.6,0.3,"139,734","3,186",1.4,88.2,0.9,172,118,41.8,0.1,0.1,"2,165",791,22.2,1.4,0.5,0,,,,,579,257,27.0,0.4,0.2,"2,187",534,14.9,1.4,0.3
CDTA2020,CD,BK18 Canarsie-Flatlands (CD 18 Approximation),318,Brooklyn,"201,682","3,348",1.0,100,0,"93,380","2,094",1.4,46.3,0.7,"108,302","2,139",1.2,53.7,0.6,"50,209","1,766",2.1,24.9,0.8,"21,195",880,2.5,10.5,0.4,36.3,0.6,1.0,"201,682","3,348",1.0,100,0,"15,763","1,478",5.7,7.8,0.7,"185,919","3,383",1.1,92.2,0.7,"56,013","2,083",2.3,27.8,0.9,"120,886","3,088",1.6,59.9,1.2,206,107,31.5,0.1,0.1,"5,772",938,9.9,2.9,0.5,88,139,96.0,0.0,0.1,"1,057",392,22.5,0.5,0.2,"1,897",534,17.1,0.9,0.3
CDTA2020,JIA,BK55 Prospect Park (JIA 55 Approximation),355,Brooklyn,0,,,,,0,,,,,0,,,,,0,,,,,0,,,,,,,,0,,,,,0,,,,,0,,,,,0,,,,,0,,,,,0,,,,,0,,,,,0,,,,,0,,,,,0,,,,
CDTA2020,JIA,BK56 Jamaica Bay (West) (JIA 56 Approximation),356,Brooklyn,146,220,91.6,100,0,57,92,98.1,39.0,22.6,89,128,87.4,61.0,127.0,82,96,71.1,56.2,107.1,0,,,,,13.3,30.4,139.4,146,220,91.6,100,0,0,,,,,146,220,91.6,100.0,,137,220,97.6,93.8,52.1,9,14,94.6,6.2,2.4,0,,,,,0,,,,,0,,,,,0,,,,,0,,,,
CDTA2020,CD,BX01 Melrose-Mott Haven-Port Morris (CD 1 Approximation),201,Bronx,"87,717","2,456",1.7,100,0,"40,488","1,800",2.7,46.2,1.6,"47,229","1,506",1.9,53.8,0.8,"27,734","1,320",2.9,31.6,1.2,"7,635",468,3.7,8.7,0.5,29.5,0.8,1.6,"87,717","2,456",1.7,100,0,"60,710","2,261",2.3,69.2,1.7,"27,007","1,774",4.0,30.8,1.8,"1,303",373,17.4,1.5,0.4,"23,905","1,655",4.2,27.3,1.7,173,217,76.1,0.2,0.2,665,332,30.4,0.8,0.4,0,,,,,511,328,39.0,0.6,0.4,450,194,26.3,0.5,0.2
CDTA2020,CD,BX02 Longwood-Hunts Point (CD 2 Approximation),202,Bronx,"53,476","2,056",2.3,100,0,"25,728","1,456",3.4,48.1,2.0,"27,748","1,201",2.6,51.9,1.0,"17,514","1,049",3.6,32.8,1.5,"3,808",363,5.8,7.1,0.6,27.7,0.8,1.8,"53,476","2,056",2.3,100,0,"39,831","1,970",3.0,74.5,2.3,"13,645","1,274",5.7,25.5,2.2,586,186,19.3,1.1,0.3,"12,159","1,218",6.1,22.7,2.1,19,26,83.2,0.0,0.0,227,135,36.1,0.4,0.3,0,,,,,212,195,56.0,0.4,0.4,442,303,41.6,0.8,0.6
CDTA2020,CD,BX03 Morrisania-Crotona Park East (CD 3 Approximation),203,Bronx,"72,668","2,116",1.8,100,0,"32,982","1,369",2.5,45.4,1.3,"39,686","1,409",2.2,54.6,1.1,"24,020","1,198",3.0,33.1,1.3,"5,685",421,4.5,7.8,0.5,28.8,0.9,1.9,"72,668","2,116",1.8,100,0,"42,183","1,853",2.7,58.0,1.9,"30,485","1,623",3.2,42.0,1.9,504,203,24.4,0.7,0.3,"28,993","1,608",3.4,39.9,1.9,29,42,88.0,0.0,0.1,306,181,35.9,0.4,0.2,0,,,,,199,151,46.1,0.3,0.2,454,281,37.6,0.6,0.4
CDTA2020,CD,BX04 Highbridge-Concourse (CD 4 Approximation),204,Bronx,"142,610","3,051",1.3,100,0,"67,772","2,111",1.9,47.5,1.1,"74,838","1,913",1.6,52.5,0.7,"42,586","1,670",2.4,29.9,1.0,"11,452",678,3.6,8.0,0.4,31.0,0.6,1.1,"142,610","3,051",1.3,100,0,"89,560","3,058",2.1,62.8,1.7,"53,050","2,261",2.6,37.2,1.4,"1,981",547,16.8,1.4,0.4,"46,904","2,116",2.7,32.9,1.3,277,167,36.7,0.2,0.1,"2,262",529,14.2,1.6,0.4,0,,,,,935,417,27.1,0.7,0.3,691,253,22.3,0.5,0.2
CDTA2020,CD,BX05 Morris Heights-Mount Hope (CD 5 Approximation),205,Bronx,"130,411","3,459",1.6,100,0,"61,141","2,136",2.1,46.9,1.1,"69,270","2,294",2.0,53.1,1.1,"40,776","1,643",2.4,31.3,0.9,"7,408",555,4.6,5.7,0.4,28.7,0.6,1.2,"130,411","3,459",1.6,100,0,"87,312","3,097",2.2,67.0,1.6,"43,098","2,151",3.0,33.0,1.4,"1,567",334,13.0,1.2,0.3,"37,656","2,061",3.3,28.9,1.4,106,91,52.1,0.1,0.1,"1,937",608,19.1,1.5,0.5,4,42,638.3,0.0,0.0,762,311,24.9,0.6,0.2,"1,067",396,22.5,0.8,0.3
CDTA2020,CD,BX06 Tremont-Belmont-West Farms (CD 6 Approximation),206,Bronx,"79,075","2,247",1.7,100,0,"36,940","1,539",2.5,46.7,1.4,"42,135","1,435",2.1,53.3,1.0,"24,530","1,257",3.1,31.0,1.3,"5,780",526,5.5,7.3,0.6,27.5,0.8,1.8,"79,075","2,247",1.7,100,0,"51,347","2,257",2.7,64.9,2.2,"27,729","1,633",3.6,35.1,1.8,"5,643",775,8.3,7.1,1.0,"20,006","1,433",4.4,25.3,1.7,69,74,65.0,0.1,0.1,"1,096",398,22.1,1.4,0.5,0,,,,,404,216,32.5,0.5,0.3,510,243,29.0,0.6,0.3
CDTA2020,CD,BX07 Fordham-Bedford Park-Norwood (CD 7 Approximation),207,Bronx,"134,088","3,231",1.5,100,0,"62,854","2,182",2.1,46.9,1.2,"71,234","2,005",1.7,53.1,0.8,"37,356","1,656",2.7,27.9,1.0,"11,171",723,3.9,8.3,0.5,31.4,0.6,1.1,"134,088","3,231",1.5,100,0,"86,833","3,108",2.2,64.8,1.7,"47,255","2,203",2.8,35.2,1.4,"9,842",968,6.0,7.3,0.7,"26,555","1,841",4.2,19.8,1.3,424,305,43.7,0.3,0.2,"7,071",902,7.8,5.3,0.7,0,,,,,"1,847",591,19.5,1.4,0.4,"1,516",459,18.4,1.1,0.3
CDTA2020,CD,BX08 Riverdale-Kingsbridge-Marble Hill (CD 8 Approximation),208,Bronx,"101,762","2,837",1.7,100,0,"46,527","1,642",2.1,45.7,1.0,"55,235","1,930",2.1,54.3,1.1,"21,471","1,227",3.5,21.1,1.1,"16,594",863,3.2,16.3,0.7,38.1,0.8,1.3,"101,762","2,837",1.7,100,0,"43,331","2,000",2.8,42.6,1.6,"58,431","2,414",2.5,57.4,1.8,"39,158","1,720",2.7,38.5,1.3,"11,690","1,203",6.3,11.5,1.1,40,43,65.0,0.0,0.0,"5,738",966,10.2,5.6,0.9,9,15,101.3,0.0,0.0,576,272,28.7,0.6,0.3,"1,220",344,17.2,1.2,0.3
CDTA2020,CD,BX09 Soundview-Parkchester (CD 9 Approximation),209,Bronx,"168,173","3,329",1.2,100,0,"77,718","2,194",1.7,46.2,0.9,"90,455","2,154",1.4,53.8,0.7,"45,210","1,776",2.4,26.9,0.9,"17,066",806,2.9,10.1,0.4,33.2,0.6,1.1,"168,173","3,329",1.2,100,0,"97,644","3,274",2.0,58.1,1.6,"70,529","2,654",2.3,41.9,1.3,"4,360",604,8.4,2.6,0.4,"52,060","2,387",2.8,31.0,1.3,374,247,40.1,0.2,0.1,"9,614","1,262",8.0,5.7,0.7,0,,,,,"2,284",609,16.2,1.4,0.4,"1,837",485,16.0,1.1,0.3
CDTA2020,CD,BX10 Co-op City-Throgs Neck (CD 10 Approximation),210,Bronx,"120,434","2,786",1.4,100,0,"56,095","1,807",2.0,46.6,1.0,"64,339","1,851",1.7,53.4,0.9,"23,905","1,320",3.4,19.8,1.0,"21,808",940,2.6,18.1,0.7,41.4,0.6,0.9,"120,434","2,786",1.4,100,0,"40,883","2,165",3.2,33.9,1.6,"79,551","2,522",1.9,66.1,1.4,"45,708","2,042",2.7,38.0,1.5,"25,829","1,464",3.4,21.4,1.1,368,354,58.4,0.3,0.3,"5,420",902,10.1,4.5,0.7,42,79,114.3,0.0,0.1,"1,084",449,25.2,0.9,0.4,"1,100",399,22.0,0.9,0.3
CDTA2020,CD,BX11 Pelham Parkway-Morris Park (CD 11 Approximation),211,Bronx,"116,326","2,557",1.3,100,0,"55,183","1,735",1.9,47.4,1.1,"61,143","1,639",1.6,52.6,0.8,"27,132","1,369",3.1,23.3,1.1,"16,511",879,3.2,14.2,0.7,37.2,0.7,1.1,"116,326","2,557",1.3,100,0,"46,782","2,327",3.0,40.2,1.8,"69,544","2,222",1.9,59.8,1.4,"34,245","1,677",3.0,29.4,1.3,"23,269","1,556",4.1,20.0,1.3,171,146,51.8,0.1,0.1,"9,797","1,316",8.2,8.4,1.1,5,11,133.7,0.0,0.0,871,374,26.1,0.7,0.3,"1,186",320,16.4,1.0,0.3
CDTA2020,CD,BX12 Wakefield-Williamsbridge-Eastchester (CD 12 Approximation),212,Bronx,"154,985","3,310",1.3,100,0,"68,923","2,028",1.8,44.5,0.9,"86,062","2,182",1.5,55.5,0.8,"42,006","1,714",2.5,27.1,0.9,"17,355",859,3.0,11.2,0.5,34.4,0.7,1.2,"154,985","3,310",1.3,100,0,"32,706","2,070",3.8,21.1,1.3,"122,279","3,288",1.6,78.9,1.3,"10,909",901,5.0,7.0,0.6,"104,070","3,178",1.9,67.1,1.5,807,416,31.3,0.5,0.3,"3,337",737,13.4,2.2,0.5,43,66,93.3,0.0,0.0,"1,474",467,19.3,1.0,0.3,"1,639",563,20.9,1.1,0.4
CDTA2020,JIA,BX26 Van Cortlandt Park (JIA 26 Equivalent),226,Bronx,0,,,,,0,,,,,0,,,,,0,,,,,0,,,,,,,,0,,,,,0,,,,,0,,,,,0,,,,,0,,,,,0,,,,,0,,,,,0,,,,,0,,,,,0,,,,
CDTA2020,JIA,BX27 Bronx Park (JIA 27 Approximation),227,Bronx,889,264,18.1,100,0,400,171,26.0,45.0,13.8,489,132,16.4,55.0,22.1,439,178,24.6,49.4,13.6,26,43,100.5,2.9,4.8,23.1,12.6,33.1,889,264,18.1,100,0,210,140,40.5,23.6,14.1,679,307,27.5,76.4,26.0,46,38,50.2,5.2,4.0,633,311,29.9,71.2,27.9,0,,,,,0,,,,,0,,,,,0,,,,,0,,,,
CDTA2020,JIA,BX28 Pelham Bay Park (JIA 28 Approximation),228,Bronx,0,,,,,0,,,,,0,,,,,0,,,,,0,,,,,,,,0,,,,,0,,,,,0,,,,,0,,,,,0,,,,,0,,,,,0,,,,,0,,,,,0,,,,,0,,,,
CDTA2020,CD,MN01 Financial District-Tribeca (CD 1 Equivalent),101,Manhattan,"51,328","1,676",2.0,100,0,"24,761","1,021",2.5,48.2,1.2,"26,567","1,168",2.7,51.8,1.5,"6,746",590,5.3,13.1,1.1,"3,535",388,6.7,6.9,0.7,33.0,0.6,1.0,"51,328","1,676",2.0,100,0,"2,878",523,11.1,5.6,1.0,"48,451","1,640",2.1,94.4,0.8,"33,650","1,473",2.7,65.6,1.9,"1,800",354,12.0,3.5,0.7,54,65,74.0,0.1,0.1,"11,311",923,5.0,22.0,1.6,0,,,,,210,152,44.1,0.4,0.3,"1,427",375,16.0,2.8,0.7
CDTA2020,CD,MN02 Greenwich Village-SoHo (CD 2 Equivalent),102,Manhattan,"90,865","3,189",2.1,100,0,"43,673","2,129",3.0,48.1,1.6,"47,192","1,727",2.2,51.9,0.5,"7,952",730,5.6,8.8,0.7,"11,153",626,3.4,12.3,0.5,35.6,0.6,1.1,"90,865","3,189",2.1,100,0,"5,900",900,9.3,6.5,1.0,"84,965","2,810",2.0,93.5,4.5,"68,667","2,713",2.4,75.6,1.4,"1,518",341,13.7,1.7,0.4,21,24,70.7,0.0,0.0,"12,691","1,049",5.0,14.0,1.0,29,46,96.4,0.0,0.1,367,241,39.9,0.4,0.3,"1,672",380,13.8,1.8,0.4
CDTA2020,CD,MN03 Lower East Side-Chinatown (CD 3 Equivalent),103,Manhattan,"163,810","3,152",1.2,100,0,"80,051","2,129",1.6,48.9,0.9,"83,759","2,044",1.5,51.1,0.8,"22,939","1,284",3.4,14.0,0.7,"23,562",887,2.3,14.4,0.5,36.7,0.5,0.8,"163,810","3,152",1.2,100,0,"38,640","1,875",2.9,23.6,1.1,"125,169","2,987",1.5,76.4,1.1,"53,137","1,937",2.2,32.4,1.0,"11,351","1,081",5.8,6.9,0.6,340,208,37.1,0.2,0.1,"56,793","2,344",2.5,34.7,1.3,13,22,102.9,0.0,0.0,"1,100",437,24.1,0.7,0.3,"2,434",475,11.9,1.5,0.3
CDTA2020,CD,MN04 Chelsea-Hell's Kitchen (CD 4 Approximation),104,Manhattan,"96,967","2,637",1.7,100,0,"50,644","2,102",2.5,52.2,1.6,"46,323","1,727",2.3,47.8,1.2,"7,766",648,5.1,8.0,0.6,"11,149",676,3.7,11.5,0.6,38.3,0.6,0.9,"96,967","2,637",1.7,100,0,"16,797","1,221",4.4,17.3,1.2,"80,170","2,353",1.8,82.7,0.9,"59,127","1,855",1.9,61.0,1.0,"6,891","1,015",9.0,7.1,1.0,167,129,47.0,0.2,0.1,"12,061","1,010",5.1,12.4,1.0,0,,,,,197,107,33.0,0.2,0.1,"1,727",383,13.5,1.8,0.4
CDTA2020,CD,MN05 Midtown-Flatiron-Union Square (CD 5 Approximation),105,Manhattan,"44,642","1,833",2.5,100,0,"21,323","1,048",3.0,47.8,1.3,"23,319","1,313",3.4,52.2,2.0,"3,098",394,7.7,6.9,0.8,"5,075",414,5.0,11.4,0.8,35.5,0.9,1.5,"44,642","1,833",2.5,100,0,"3,676",581,9.6,8.2,1.3,"40,966","1,682",2.5,91.8,0.1,"31,283","1,494",2.9,70.1,1.7,"1,498",385,15.6,3.4,0.9,103,76,44.9,0.2,0.2,"6,791",713,6.4,15.2,1.5,12,19,96.3,0.0,0.0,191,153,48.7,0.4,0.3,"1,088",313,17.5,2.4,0.7
CDTA2020,CD,MN06 East Midtown-Murray Hill (CD 6 Approximation),106,Manhattan,"143,438","2,679",1.1,100,0,"65,140","1,881",1.8,45.4,1.0,"78,298","2,008",1.6,54.6,1.0,"11,006",847,4.7,7.7,0.6,"21,601",825,2.3,15.1,0.5,37.0,0.6,0.9,"143,438","2,679",1.1,100,0,"11,336","1,065",5.7,7.9,0.7,"132,102","2,629",1.2,92.1,0.6,"106,010","2,392",1.4,73.9,0.9,"3,926",642,9.9,2.7,0.4,194,156,48.9,0.1,0.1,"19,006","1,383",4.4,13.3,0.9,10,17,103.3,0.0,0.0,828,357,26.2,0.6,0.2,"2,128",381,10.9,1.5,0.3
CDTA2020,CD,MN07 Upper West Side (CD 7 Approximation),107,Manhattan,"214,017","3,387",1.0,100,0,"98,862","2,399",1.5,46.2,0.8,"115,155","2,297",1.2,53.8,0.7,"33,102","1,424",2.6,15.5,0.6,"32,677","1,208",2.2,15.3,0.5,39.7,0.4,0.6,"214,017","3,387",1.0,100,0,"30,235","1,758",3.5,14.1,0.8,"183,782","3,163",1.0,85.9,0.6,"146,919","2,904",1.2,68.6,0.8,"15,433","1,364",5.4,7.2,0.6,208,118,34.5,0.1,0.1,"16,687","1,275",4.6,7.8,0.6,49,61,75.1,0.0,0.0,450,201,27.2,0.2,0.1,"4,036",617,9.3,1.9,0.3
CDTA2020,CD,MN08 Upper East Side-Roosevelt Island (CD 8 Equivalent),108,Manhattan,"216,229","3,361",0.9,100,0,"96,004","2,152",1.4,44.4,0.7,"120,225","2,235",1.1,55.6,0.6,"29,995","1,343",2.7,13.9,0.6,"36,786","1,239",2.0,17.0,0.5,39.7,0.4,0.6,"216,229","3,361",0.9,100,0,"15,313","1,382",5.5,7.1,0.6,"200,916","3,308",1.0,92.9,0.5,"172,139","3,183",1.1,79.6,0.8,"6,407",835,7.9,3.0,0.4,73,57,47.4,0.0,0.0,"18,657","1,348",4.4,8.6,0.6,55,73,80.6,0.0,0.0,439,235,32.6,0.2,0.1,"3,146",547,10.6,1.5,0.3
CDTA2020,CD,MN09 Morningside Heights-Hamilton Heights (CD 9 Equivalent),109,Manhattan,"107,182","3,174",1.8,100,0,"49,358","1,903",2.3,46.1,1.1,"57,824","2,143",2.3,53.9,1.2,"19,006","1,167",3.7,17.7,1.0,"11,528",597,3.1,10.8,0.5,31.6,0.6,1.2,"107,182","3,174",1.8,100,0,"45,259","2,297",3.1,42.2,1.7,"61,923","2,489",2.4,57.8,1.6,"24,630","1,526",3.8,23.0,1.3,"27,529","1,767",3.9,25.7,1.5,61,54,54.0,0.1,0.1,"6,498",815,7.6,6.1,0.7,0,,,,,534,287,32.6,0.5,0.3,"2,671",569,13.0,2.5,0.5
CDTA2020,CD,MN10 Harlem (CD 10 Equivalent),110,Manhattan,"117,896","2,855",1.5,100,0,"53,213","1,877",2.1,45.1,1.2,"64,683","1,919",1.8,54.9,0.9,"27,356","1,374",3.1,23.2,1.0,"12,145",715,3.6,10.3,0.6,33.7,0.6,1.0,"117,896","2,855",1.5,100,0,"24,651","1,917",4.7,20.9,1.5,"93,245","2,668",1.7,79.1,1.2,"11,952","1,089",5.5,10.1,0.9,"73,946","2,614",2.1,62.7,1.6,286,183,38.9,0.2,0.2,"3,398",719,12.9,2.9,0.6,96,124,78.5,0.1,0.1,722,324,27.3,0.6,0.3,"2,845",582,12.4,2.4,0.5
CDTA2020,CD,MN11 East Harlem (CD 11 Equivalent),111,Manhattan,"125,946","3,388",1.6,100,0,"59,540","2,314",2.4,47.3,1.3,"66,406","2,037",1.9,52.7,0.8,"29,818","1,506",3.1,23.7,1.0,"13,882",666,2.9,11.0,0.4,32.6,0.6,1.1,"125,946","3,388",1.6,100,0,"61,646","2,700",2.7,48.9,1.7,"64,300","2,785",2.6,51.1,1.7,"14,314","1,179",5.0,11.4,0.9,"41,060","2,292",3.4,32.6,1.6,87,69,48.6,0.1,0.1,"6,782",998,8.9,5.4,0.8,32,30,57.5,0.0,0.0,359,189,32.0,0.3,0.1,"1,666",397,14.5,1.3,0.3
CDTA2020,CD,MN12 Washington Heights-Inwood (CD 12 Equivalent),112,Manhattan,"202,605","3,968",1.2,100,0,"98,409","2,867",1.8,48.6,1.0,"104,196","2,337",1.4,51.4,0.6,"40,511","1,665",2.5,20.0,0.7,"23,627",949,2.4,11.7,0.4,35.3,0.5,0.8,"202,605","3,968",1.2,100,0,"145,494","3,961",1.7,71.8,1.4,"57,111","2,001",2.1,28.2,0.8,"34,544","1,519",2.7,17.0,0.7,"15,245","1,177",4.7,7.5,0.6,164,112,41.5,0.1,0.1,"4,292",793,11.2,2.1,0.4,0,,,,,848,266,19.1,0.4,0.1,"2,018",445,13.4,1.0,0.2
CDTA2020,JIA,MN64 Central Park (JIA 64 Equivalent),164,Manhattan,14,21,91.2,100,0,14,21,91.2,100.0,0.0,0,,,,,0,,,,,14,21,91.2,100.0,0.0,72.5,,#VALUE!,14,21,91.2,100,0,0,,,,,14,21,91.2,100.0,,14,21,91.2,100.0,,0,,,,,0,,,,,0,,,,,0,,,,,0,,,,,0,,,,
CDTA2020,CD,QN01 Astoria-Queensbridge (CD 1 Equivalent),401,Queens,"189,524","3,068",1.0,100,0,"97,309","2,145",1.3,51.3,0.8,"92,215","1,879",1.2,48.7,0.6,"29,968","1,368",2.8,15.8,0.7,"21,389",903,2.6,11.3,0.4,34.5,0.3,0.6,"189,524","3,068",1.0,100,0,"54,667","2,650",2.9,28.8,1.3,"134,857","2,674",1.2,71.2,0.8,"85,402","2,219",1.6,45.1,0.9,"17,314","1,032",3.6,9.1,0.5,416,277,40.4,0.2,0.1,"27,158","1,755",3.9,14.3,0.9,12,22,111.4,0.0,0.0,"1,932",508,16.0,1.0,0.3,"2,623",496,11.5,1.4,0.3
CDTA2020,CD,QN02 Long Island City-Sunnyside-Woodside (CD 2 Approximation),402,Queens,"108,745","2,911",1.6,100,0,"53,637","1,813",2.1,49.3,1.0,"55,108","1,893",2.1,50.7,1.1,"18,226","1,174",3.9,16.8,1.0,"12,026","1,379",7.0,11.1,1.2,36.0,0.6,1.0,"108,745","2,911",1.6,100,0,"38,386","2,448",3.9,35.3,2.0,"70,359","2,581",2.2,64.7,1.6,"32,382","1,779",3.3,29.8,1.4,"1,899",435,13.9,1.7,0.4,150,100,40.7,0.1,0.1,"34,075","2,039",3.6,31.3,1.7,74,103,84.6,0.1,0.1,686,268,23.7,0.6,0.2,"1,092",277,15.4,1.0,0.3
CDTA2020,CD,QN03 Jackson Heights-East Elmhurst (CD 3 Approximation),403,Queens,"165,440","3,733",1.4,100,0,"85,318","2,567",1.8,51.6,1.0,"80,122","2,093",1.6,48.4,0.6,"35,099","1,518",2.6,21.2,0.8,"17,024",987,3.5,10.3,0.5,34.7,0.5,0.8,"165,440","3,733",1.4,100,0,"101,652","3,751",2.2,61.4,1.8,"63,788","2,483",2.4,38.6,1.2,"20,037","1,346",4.1,12.1,0.8,"10,495","1,004",5.8,6.3,0.6,198,202,62.1,0.1,0.1,"30,135","2,201",4.4,18.2,1.3,31,45,88.2,0.0,0.0,"1,271",466,22.3,0.8,0.3,"1,621",455,17.1,1.0,0.3
CDTA2020,CD,QN04 Elmhurst-Corona (CD 4 Approximation),404,Queens,"163,512","3,483",1.3,100,0,"83,288","2,326",1.7,50.9,0.9,"80,224","2,046",1.6,49.1,0.7,"36,019","1,557",2.6,22.0,0.8,"15,112",840,3.4,9.2,0.5,34.2,0.4,0.8,"163,512","3,483",1.3,100,0,"83,023","3,407",2.5,50.8,1.8,"80,489","2,678",2.0,49.2,1.3,"12,489","1,001",4.9,7.6,0.6,"8,907","1,033",7.0,5.4,0.6,224,151,40.9,0.1,0.1,"57,077","2,464",2.6,34.9,1.3,154,141,55.8,0.1,0.1,475,237,30.4,0.3,0.1,"1,162",322,16.8,0.7,0.2
CDTA2020,CD,QN05 Ridgewood-Maspeth-Middle Village (CD 5 Approximation),405,Queens,"168,628","2,898",1.0,100,0,"82,896","1,863",1.4,49.2,0.7,"85,732","1,767",1.3,50.8,0.6,"36,272","1,379",2.3,21.5,0.7,"21,413",936,2.7,12.7,0.5,37.0,0.5,0.9,"168,628","2,898",1.0,100,0,"57,729","2,598",2.7,34.2,1.4,"110,899","2,532",1.4,65.8,1.0,"95,474","2,343",1.5,56.6,1.0,"1,933",459,14.4,1.1,0.3,148,81,33.2,0.1,0.0,"12,093","1,353",6.8,7.2,0.8,46,54,71.0,0.0,0.0,325,196,36.6,0.2,0.1,880,280,19.3,0.5,0.2
CDTA2020,CD,QN06 Forest Hills-Rego Park (CD 6 Approximation),406,Queens,"112,360","2,046",1.1,100,0,"51,645","1,288",1.5,46.0,0.8,"60,715","1,393",1.4,54.0,0.8,"18,765","1,022",3.3,16.7,0.9,"19,681",808,2.5,17.5,0.6,41.2,0.7,1.0,"112,360","2,046",1.1,100,0,"14,274","1,296",5.5,12.7,1.1,"98,086","2,112",1.3,87.3,1.0,"62,438","1,915",1.9,55.6,1.4,"2,635",568,13.1,2.3,0.5,407,239,35.6,0.4,0.2,"30,115","1,677",3.4,26.8,1.4,88,96,66.2,0.1,0.1,535,199,22.6,0.5,0.2,"1,868",397,12.9,1.7,0.4
CDTA2020,CD,QN07 Flushing-Murray Hill-Whitestone (CD 7 Approximation),407,Queens,"243,947","3,678",0.9,100,0,"117,101","2,449",1.3,48.0,0.7,"126,846","2,247",1.1,52.0,0.5,"42,892","1,572",2.2,17.6,0.6,"39,581","1,194",1.8,16.2,0.4,41.3,0.4,0.6,"243,947","3,678",0.9,100,0,"41,487","2,389",3.5,17.0,0.9,"202,461","3,654",1.1,83.0,0.8,"78,366","2,223",1.7,32.1,0.8,"5,758",775,8.2,2.4,0.3,"1,264",464,22.3,0.5,0.2,"113,255","3,476",1.9,46.4,1.2,26,41,95.9,0.0,0.0,709,278,23.9,0.3,0.1,"3,083",680,13.4,1.3,0.3
CDTA2020,CD,QN08 Fresh Meadows-Hillcrest-Briarwood (CD 8 Approximation),408,Queens,"142,882","2,733",1.2,100,0,"68,080","1,781",1.6,47.6,0.9,"74,802","1,799",1.5,52.4,0.8,"30,237","1,391",2.8,21.2,0.9,"20,135",913,2.8,14.1,0.6,37.9,0.6,1.0,"142,882","2,733",1.2,100,0,"25,563","1,900",4.5,17.9,1.3,"117,319","2,727",1.4,82.1,1.1,"50,980","1,962",2.3,35.7,1.2,"17,199","1,394",4.9,12.0,0.9,368,231,38.2,0.3,0.2,"45,028","2,248",3.0,31.5,1.5,11,18,99.5,0.0,0.0,"1,154",457,24.1,0.8,0.3,"2,578",604,14.2,1.8,0.4
CDTA2020,CD,QN09 Kew Gardens-Richmond Hill-Woodhaven (CD 9 Approximation),409,Queens,"141,075","3,123",1.3,100,0,"69,516","1,876",1.6,49.3,0.8,"71,559","1,842",1.6,50.7,0.7,"33,876","1,393",2.5,24.0,0.8,"12,843",710,3.4,9.1,0.5,34.8,0.6,1.1,"141,075","3,123",1.3,100,0,"56,822","2,704",2.9,40.3,1.7,"84,253","2,653",1.9,59.7,1.3,"28,995","1,510",3.2,20.6,1.0,"11,865","1,437",7.4,8.4,1.0,572,294,31.2,0.4,0.2,"32,954","2,177",4.0,23.4,1.5,19,30,96.0,0.0,0.0,"7,826","1,101",8.6,5.5,0.8,"2,022",467,14.0,1.4,0.3
CDTA2020,CD,QN10 South Ozone Park-Howard Beach (CD 10 Approximation),410,Queens,"126,729","2,933",1.4,100,0,"61,467","1,738",1.7,48.5,0.8,"65,262","1,805",1.7,51.5,0.8,"29,006","1,344",2.8,22.9,0.9,"15,856",809,3.1,12.5,0.6,37.5,0.7,1.1,"126,729","2,933",1.4,100,0,"30,195","2,335",4.7,23.8,1.8,"96,534","2,693",1.7,76.2,1.2,"33,812","1,528",2.7,26.7,1.0,"20,545","1,687",5.0,16.2,1.3,831,440,32.2,0.7,0.3,"24,576","1,977",4.9,19.4,1.5,117,81,41.9,0.1,0.1,"13,356","1,607",7.3,10.5,1.2,"3,297",677,12.5,2.6,0.5
CDTA2020,CD,QN11 Auburndale-Bayside-Douglaston (CD 11 Approximation),411,Queens,"116,377","2,037",1.1,100,0,"57,549","1,395",1.5,49.5,0.8,"58,828","1,245",1.3,50.5,0.6,"22,360","1,046",2.8,19.2,0.8,"18,765",773,2.5,16.1,0.6,41.9,0.7,1.0,"116,377","2,037",1.1,100,0,"12,973","1,317",6.2,11.1,1.1,"103,404","2,101",1.2,88.9,0.9,"56,811","1,670",1.8,48.8,1.2,"1,954",472,14.7,1.7,0.4,127,115,55.2,0.1,0.1,"43,237","1,917",2.7,37.2,1.5,22,33,92.0,0.0,0.0,282,271,58.5,0.2,0.2,971,400,25.0,0.8,0.3
CDTA2020,CD,QN12 Jamaica-St. Albans-Hollis (CD 12 Approximation),412,Queens,"219,928","3,886",1.1,100,0,"100,833","2,297",1.4,45.8,0.7,"119,096","2,555",1.3,54.2,0.7,"54,071","1,839",2.1,24.6,0.7,"26,459","1,008",2.3,12.0,0.4,36.2,0.5,0.9,"219,928","3,886",1.1,100,0,"35,249","2,575",4.4,16.0,1.1,"184,680","3,621",1.2,84.0,0.7,"4,295",610,8.6,2.0,0.3,"144,070","3,337",1.4,65.5,1.0,988,431,26.5,0.4,0.2,"24,075","1,879",4.7,10.9,0.8,123,132,65.3,0.1,0.1,"6,917","1,211",10.6,3.1,0.5,"4,212",673,9.7,1.9,0.3
CDTA2020,CD,QN13 Queens Village-Bellerose-Rosedale (CD 13 Approximation),413,Queens,"200,164","3,379",1.0,100,0,"93,790","2,072",1.3,46.9,0.7,"106,374","2,168",1.2,53.1,0.6,"44,401","1,619",2.2,22.2,0.7,"26,253","1,000",2.3,13.1,0.4,38.7,0.6,0.9,"200,164","3,379",1.0,100,0,"21,774","1,708",4.8,10.9,0.8,"178,390","3,348",1.1,89.1,0.7,"26,700","1,434",3.3,13.3,0.7,"114,016","2,927",1.6,57.0,1.1,569,234,25.0,0.3,0.1,"29,621","2,065",4.2,14.8,1.0,0,,,,,"2,651",714,16.4,1.3,0.4,"4,832",721,9.1,2.4,0.4
CDTA2020,CD,QN14 The Rockaways (CD 14 Equivalent),414,Queens,"111,214","2,855",1.6,100,0,"51,022","1,732",2.1,45.9,1.0,"60,192","1,794",1.8,54.1,0.8,"30,273","1,590",3.2,27.2,1.2,"15,547",780,3.0,14.0,0.6,35.3,0.8,1.3,"111,214","2,855",1.6,100,0,"23,365","1,946",5.1,21.0,1.7,"87,849","2,685",1.9,79.0,1.3,"41,459","1,741",2.6,37.3,1.2,"43,025","2,205",3.1,38.7,1.7,35,38,65.2,0.0,0.0,"1,223",382,19.0,1.1,0.3,9,14,94.6,0.0,0.0,909,573,38.3,0.8,0.5,"1,189",347,17.8,1.1,0.3
CDTA2020,JIA,QN80 LaGuardia Airport (JIA 80 Approximation),480,Queens,0,,,,,0,,,,,0,,,,,0,,,,,0,,,,,,,,0,,,,,0,,,,,0,,,,,0,,,,,0,,,,,0,,,,,0,,,,,0,,,,,0,,,,,0,,,,
CDTA2020,JIA,QN81 Flushing Meadows-Corona Park (JIA 81 Approximation),481,Queens,59,48,49.5,100,0,20,17,51.7,33.9,8.3,39,32,49.9,66.1,7.0,0,,,,,0,,,,,29.6,25.9,53.1,59,48,49.5,100,0,0,,,,,59,48,49.5,100.0,,0,,,,,0,,,,,0,,,,,59,48,49.5,100.0,,0,,,,,0,,,,,0,,,,
CDTA2020,JIA,QN82 Forest Park (JIA 82 Approximation),482,Queens,75,60,48.6,100,0,47,45,58.2,62.7,33.0,28,20,43.4,37.3,40.0,8,13,98.8,10.7,15.1,38,20,32.0,50.7,48.5,65.1,27.4,25.6,75,60,48.6,100,0,0,,,,,75,60,48.6,100.0,,75,60,48.6,100.0,,0,,,,,0,,,,,0,,,,,0,,,,,0,,,,,0,,,,
CDTA2020,JIA,QN83 JFK International Airport (JIA 83 Approximation),483,Queens,0,,,,,0,,,,,0,,,,,0,,,,,0,,,,,,,,0,,,,,0,,,,,0,,,,,0,,,,,0,,,,,0,,,,,0,,,,,0,,,,,0,,,,,0,,,,
CDTA2020,JIA,QN84 Jamaica Bay (East) (JIA 84 Approximation),484,Queens,27,29,65.4,100,0,9,13,87.8,33.3,32.1,18,18,62.1,66.7,98.9,0,,,,,17,18,65.7,63.0,6.4,65.8,67.1,62.0,27,29,65.4,100,0,0,,,,,27,29,65.4,100.0,,8,13,98.8,29.6,36.1,0,,,,,0,,,,,19,26,83.2,70.4,59.4,0,,,,,0,,,,,0,,,,
CDTA2020,CD,SI01 North Shore (CD 1 Equivalent),501,Staten Island,"169,391","3,687",1.3,100,0,"81,652","2,108",1.6,48.2,0.7,"87,739","2,349",1.6,51.8,0.8,"42,450","1,674",2.4,25.1,0.8,"18,582",772,2.5,11.0,0.4,34.6,0.6,1.0,"169,391","3,687",1.3,100,0,"43,717","2,711",3.8,25.8,1.5,"125,674","3,433",1.7,74.2,1.2,"71,010","2,393",2.0,41.9,1.1,"37,548","2,321",3.8,22.2,1.3,177,106,36.3,0.1,0.1,"13,331","1,260",5.7,7.9,0.7,0,,,,,814,414,30.9,0.5,0.2,"2,794",637,13.9,1.6,0.4
CDTA2020,CD,SI02 Mid-Island (CD 2 Approximation),502,Staten Island,"133,581","2,590",1.2,100,0,"63,487","1,652",1.6,47.5,0.8,"70,093","1,581",1.4,52.5,0.6,"29,276","1,330",2.8,21.9,0.9,"19,626",862,2.7,14.7,0.6,40.8,0.7,1.0,"133,581","2,590",1.2,100,0,"15,764","1,786",6.9,11.8,1.3,"117,816","2,577",1.3,88.2,0.9,"97,424","2,502",1.6,72.9,1.2,"4,302",875,12.4,3.2,0.7,91,67,44.6,0.1,0.0,"15,087","1,609",6.5,11.3,1.2,0,,,,,256,232,55.1,0.2,0.2,657,222,20.6,0.5,0.2
CDTA2020,CD,SI03 South Shore (CD 3 Approximation),503,Staten Island,"159,434","2,462",0.9,100,0,"78,992","1,714",1.3,49.5,0.8,"80,442","1,533",1.2,50.5,0.6,"37,682","1,390",2.2,23.6,0.8,"18,881",815,2.6,11.8,0.5,39.4,0.6,0.9,"159,434","2,462",0.9,100,0,"15,803","1,679",6.5,9.9,1.0,"143,631","2,488",1.1,90.1,0.7,"133,981","2,515",1.1,84.0,0.9,"1,933",507,16.0,1.2,0.3,238,235,60.1,0.1,0.1,"6,439",953,9.0,4.0,0.6,0,,,,,78,52,40.9,0.0,0.0,962,287,18.1,0.6,0.2
CDTA2020,JIA,SI95 Great Kills Park-Fort Wadsworth (JIA 95 Approximation),595,Staten Island,"1,044",187,10.9,100,0,542,111,12.4,51.9,5.1,503,118,14.3,48.1,7.4,311,92,17.9,29.7,7.0,38,26,41.3,3.6,2.4,28.4,3.8,8.1,"1,044",187,10.9,100,0,318,201,38.4,30.4,18.4,726,251,21.0,69.6,20.6,620,238,23.4,59.3,20.2,93,94,61.3,8.9,8.9,0,,,,,13,23,108.8,1.2,2.2,0,,,,,0,,,,,0,,,,
