GeoType,CDTAType,GeogName,GeoID,Borough,Pop16plE,Pop16plM,Pop16plC,Pop16plP,Pop16plZ,MdHHIncE,MdHHIncM,MdHHIncC,MnHHIncE,MnHHIncM,MnHHIncC,MdFamIncE,MdFamIncM,MdFamIncC,Nfam2E,Nfam2M,Nfam2C,Nfam2P,Nfam2Z,MdNFIncE,MdNFIncM,MdNFIncC,PerCapIncE,PerCapIncM,PerCapIncC,FamPvUE,FamPvUM,FamPvUC,FamPvUP,FamPvUZ,FamBwPvE,FamBwPvM,FamBwPvC,FamBwPvP,FamBwPvZ,PopPvU1E,PopPvU1M,PopPvU1C,PopPvU1P,PopPvU1Z,PBwPvE,PBwPvM,PBwPvC,PBwPvP,PBwPvZ,PU18PvUE,PU18PvUM,PU18PvUC,PU18PvUP,PU18PvUZ,PU18BwPvE,PU18BwPvM,PU18BwPvC,PU18BwPvP,PU18BwPvZ,P65plPvUE,P65plPvUM,P65plPvUC,P65plPvUP,P65plPvUZ,P65plBwPvE,P65plBwPvM,P65plBwPvC,P65plBwPvP,P65plBwPvZ,PopPvU2E,PopPvU2M,PopPvU2C,PopPvU2P,PopPvU2Z,PvU50E,PvU50M,PvU50C,PvU50P,PvU50Z,Pv50t74E,Pv50t74M,Pv50t74C,Pv50t74P,Pv50t74Z,Pv75t99E,Pv75t99M,Pv75t99C,Pv75t99P,Pv75t99Z,Pv100t124E,Pv100t124M,Pv100t124C,Pv100t124P,Pv100t124Z,Pv125t149E,Pv125t149M,Pv125t149C,Pv125t149P,Pv125t149Z,Pv150t174E,Pv150t174M,Pv150t174C,Pv150t174P,Pv150t174Z,Pv175t184E,Pv175t184M,Pv175t184C,Pv175t184P,Pv175t184Z,Pv185t199E,Pv185t199M,Pv185t199C,Pv185t199P,Pv185t199Z,Pv200t299E,Pv200t299M,Pv200t299C,Pv200t299P,Pv200t299Z,Pv300t399E,Pv300t399M,Pv300t399C,Pv300t399P,Pv300t399Z,Pv400t499E,Pv400t499M,Pv400t499C,Pv400t499P,Pv400t499Z,Pv500plE,Pv500plM,Pv500plC,Pv500plP,Pv500plZ,,
CDTA2020,CD,BK01 Williamsburg-Greenpoint (CD 1 Equivalent),301,Brooklyn,"159,099","3,467",1.3,100.0,0.0,"102,807","4,843",2.9,"150,438","6,317",2.6,"87,716","6,983",4.8,"43,368","1,454",2.0,100.0,0.0,"112,392","6,427",3.5,"61,403","2,798",2.8,"39,808","1,363",2.1,100.0,0.0,"7,582",790,6.3,19.0,1.9,"202,294","5,186",1.6,100.0,0.0,"43,813","3,860",5.4,21.7,1.8,"47,493","3,109",4.0,100.0,0.0,"17,238","2,444",8.6,36.3,4.6,"18,480","1,263",4.2,100.0,0.0,"5,087",851,10.2,27.5,4.2,"202,294","5,186",1.6,100.0,0.0,"18,390","1,521",5.0,9.1,0.7,"11,955","1,511",7.7,5.9,0.7,"13,468","1,586",7.2,6.7,0.8,"8,028","1,073",8.1,4.0,0.5,"10,357","1,266",7.4,5.1,0.6,"7,694","1,152",9.1,3.8,0.6,"2,520",622,15.0,1.2,0.3,"3,119",604,11.8,1.5,0.3,"19,905","1,583",4.8,9.8,0.7,"18,184","1,449",4.8,9.0,0.7,"15,045","1,368",5.5,7.4,0.6,"73,629","2,668",2.2,36.4,0.9,,
CDTA2020,CD,BK02 Downtown Brooklyn-Fort Greene (CD 2 Approximation),302,Brooklyn,"107,167","2,548",1.4,100.0,0.0,"145,094","6,304",2.6,"210,397","10,977",3.2,"190,369","12,042",3.8,"34,217","1,310",2.3,100.0,0.0,"118,338","6,600",3.4,"100,469","5,359",3.2,"25,302","1,082",2.6,100.0,0.0,"2,228",432,11.8,8.8,1.7,"119,891","3,161",1.6,100.0,0.0,"14,642","1,510",6.3,12.2,1.2,"19,452","1,329",4.2,100.0,0.0,"2,586",687,16.1,13.3,3.4,"14,949",966,3.9,100.0,0.0,"2,969",524,10.7,19.9,3.3,"119,891","3,161",1.6,100.0,0.0,"8,002",832,6.3,6.7,0.7,"2,959",531,10.9,2.5,0.4,"3,681",565,9.3,3.1,0.5,"2,389",407,10.4,2.0,0.3,"2,353",431,11.1,2.0,0.4,"3,109",627,12.3,2.6,0.5,"1,018",319,19.0,0.8,0.3,936,254,16.5,0.8,0.2,"9,177",884,5.9,7.7,0.7,"6,905",746,6.6,5.8,0.6,"8,110",889,6.7,6.8,0.7,"71,252","2,410",2.1,59.4,1.3,,
CDTA2020,CD,BK03 Bedford-Stuyvesant (CD 3 Approximation),303,Brooklyn,"143,966","3,586",1.5,100.0,0.0,"77,546","3,762",2.9,"112,123","4,943",2.7,"78,047","5,645",4.4,"34,455","1,266",2.2,100.0,0.0,"74,225","5,252",4.3,"44,054","2,103",2.9,"35,815","1,397",2.4,100.0,0.0,"7,805",940,7.3,21.8,2.5,"179,468","4,880",1.7,100.0,0.0,"45,735","3,746",5.0,25.5,2.0,"40,243","2,514",3.8,100.0,0.0,"15,074","2,177",8.8,37.5,4.9,"18,201","1,285",4.3,100.0,0.0,"4,757",740,9.5,26.1,3.6,"179,468","4,880",1.7,100.0,0.0,"22,447","1,711",4.6,12.5,0.9,"10,977","1,261",7.0,6.1,0.7,"12,311","1,259",6.2,6.9,0.7,"7,671",891,7.1,4.3,0.5,"5,575",742,8.1,3.1,0.4,"5,162",702,8.3,2.9,0.4,"1,229",319,15.8,0.7,0.2,"4,920",667,8.2,2.7,0.4,"24,853","1,661",4.1,13.8,0.8,"18,309","1,423",4.7,10.2,0.7,"15,978","1,271",4.8,8.9,0.7,"50,036","2,225",2.7,27.9,1.0,,
CDTA2020,CD,BK04 Bushwick (CD 4 Equivalent),304,Brooklyn,"97,225","3,051",1.9,100.0,0.0,"83,441","3,705",2.7,"102,437","5,155",3.1,"80,120","4,750",3.6,"24,055","1,073",2.7,100.0,0.0,"82,385","5,670",4.2,"40,105","2,142",3.2,"20,368","1,084",3.2,100.0,0.0,"3,615",543,9.1,17.7,2.5,"111,441","3,825",2.1,100.0,0.0,"23,660","2,257",5.8,21.2,1.9,"16,352","1,562",5.8,100.0,0.0,"5,166","1,151",13.5,31.6,6.4,"11,406","1,058",5.6,100.0,0.0,"3,718",673,11.0,32.6,5.1,"111,441","3,825",2.1,100.0,0.0,"11,898","1,220",6.2,10.7,1.0,"5,508",798,8.8,4.9,0.7,"6,254",878,8.5,5.6,0.8,"4,268",758,10.8,3.8,0.7,"5,285",706,8.1,4.7,0.6,"4,992",692,8.4,4.5,0.6,"1,379",398,17.5,1.2,0.4,"2,750",696,15.4,2.5,0.6,"17,317","1,332",4.7,15.5,1.1,"14,558","1,325",5.5,13.1,1.1,"11,917","1,149",5.9,10.7,1.0,"25,315","1,490",3.6,22.7,1.1,,
CDTA2020,CD,BK05 East New York-Cypress Hills (CD 5 Approximation),305,Brooklyn,"156,978","4,186",1.6,100.0,0.0,"54,145","2,263",2.5,"74,048","3,724",3.1,"65,062","2,929",2.7,"25,237","1,374",3.3,100.0,0.0,"29,480","2,631",5.4,"27,206","1,513",3.4,"46,947","1,534",2.0,100.0,0.0,"9,204",945,6.2,19.6,1.9,"199,043","5,555",1.7,100.0,0.0,"46,365","3,656",4.8,23.3,1.7,"48,382","2,773",3.5,100.0,0.0,"14,531","2,062",8.6,30.0,3.9,"28,714","1,642",3.5,100.0,0.0,"7,714",999,7.9,26.9,3.1,"199,043","5,555",1.7,100.0,0.0,"24,746","1,880",4.6,12.4,0.9,"10,772","1,269",7.2,5.4,0.6,"10,847","1,235",6.9,5.4,0.6,"9,039","1,037",7.0,4.5,0.5,"11,339","1,134",6.1,5.7,0.5,"10,249","1,144",6.8,5.1,0.6,"3,772",683,11.0,1.9,0.3,"6,940",898,7.9,3.5,0.4,"35,586","2,041",3.5,17.9,0.9,"26,497","1,821",4.2,13.3,0.8,"17,240","1,593",5.6,8.7,0.8,"32,016","1,903",3.6,16.1,0.8,,
CDTA2020,CD,BK06 Park Slope-Carroll Gardens (CD 6 Approximation),306,Brooklyn,"96,887","2,687",1.7,100.0,0.0,"165,947","8,151",3.0,"243,739","13,524",3.4,"200,000",,,"23,576","1,227",3.2,100.0,0.0,"119,939","8,201",4.2,"104,552","5,915",3.4,"28,171","1,106",2.4,100.0,0.0,"1,899",388,12.4,6.7,1.4,"120,194","3,502",1.8,100.0,0.0,"10,430","1,300",7.6,8.7,1.1,"25,902","1,525",3.6,100.0,0.0,"1,799",711,24.0,6.9,2.7,"14,435","1,022",4.3,100.0,0.0,"1,998",365,11.1,13.8,2.3,"120,194","3,502",1.8,100.0,0.0,"6,594",891,8.2,5.5,0.7,"1,761",388,13.4,1.5,0.3,"2,075",423,12.4,1.7,0.3,"2,717",750,16.8,2.3,0.6,"2,033",428,12.8,1.7,0.4,"2,870",560,11.9,2.4,0.5,741,298,24.4,0.6,0.2,"1,174",311,16.1,1.0,0.3,"7,310",829,6.9,6.1,0.7,"6,927",726,6.4,5.8,0.6,"8,531",954,6.8,7.1,0.8,"77,461","2,601",2.0,64.4,1.1,,
CDTA2020,CD,BK07 Sunset Park-Windsor Terrace (CD 7 Approximation),307,Brooklyn,"94,196","2,868",1.9,100.0,0.0,"84,767","4,589",3.3,"126,992","7,473",3.6,"86,680","6,511",4.6,"14,478",980,4.1,100.0,0.0,"69,456","9,399",8.2,"44,418","3,086",4.2,"26,749","1,019",2.3,100.0,0.0,"3,917",493,7.6,14.6,1.8,"117,758","3,840",2.0,100.0,0.0,"22,018","2,064",5.7,18.7,1.6,"27,669","1,707",3.7,100.0,0.0,"6,654","1,050",9.6,24.0,3.5,"15,273","1,055",4.2,100.0,0.0,"3,629",499,8.4,23.8,2.8,"117,758","3,840",2.0,100.0,0.0,"7,103",738,6.3,6.0,0.6,"6,533",726,6.8,5.5,0.6,"8,382",949,6.9,7.1,0.8,"7,206",809,6.8,6.1,0.7,"6,581",789,7.3,5.6,0.6,"5,632",812,8.8,4.8,0.7,"2,052",478,14.2,1.7,0.4,"3,233",501,9.4,2.7,0.4,"15,881","1,243",4.8,13.5,1.0,"11,123",980,5.4,9.4,0.8,"7,976",874,6.7,6.8,0.7,"36,056","1,710",2.9,30.6,1.1,,
CDTA2020,CD,BK08 Crown Heights (North) (CD 8 Approximation),308,Brooklyn,"91,982","2,716",1.8,100.0,0.0,"90,978","4,748",3.2,"133,992","6,800",3.1,"100,163","9,842",6.0,"25,552","1,146",2.7,100.0,0.0,"82,823","5,569",4.1,"58,996","3,145",3.2,"22,360","1,186",3.2,100.0,0.0,"2,884",523,11.0,12.9,2.2,"108,766","3,372",1.9,100.0,0.0,"18,369","1,969",6.5,16.9,1.7,"19,366","1,573",4.9,100.0,0.0,"4,448","1,091",14.9,23.0,5.3,"13,326","1,160",5.3,100.0,0.0,"2,700",671,15.1,20.3,4.7,"108,766","3,372",1.9,100.0,0.0,"10,150","1,061",6.4,9.3,0.9,"3,757",722,11.7,3.5,0.7,"4,462",681,9.3,4.1,0.6,"3,732",697,11.4,3.4,0.6,"3,673",656,10.9,3.4,0.6,"3,755",588,9.5,3.5,0.5,"1,256",366,17.7,1.2,0.3,"2,475",556,13.7,2.3,0.5,"13,892","1,353",5.9,12.8,1.2,"9,706",951,6.0,8.9,0.8,"8,434",920,6.6,7.8,0.8,"43,474","2,192",3.1,40.0,1.6,,
CDTA2020,CD,BK09 Crown Heights (South) (CD 9 Approximation),309,Brooklyn,"80,525","2,923",2.2,100.0,0.0,"73,751","4,518",3.7,"99,934","5,855",3.6,"84,649","5,545",4.0,"18,522","1,004",3.3,100.0,0.0,"55,342","4,619",5.1,"41,492","2,625",3.8,"21,514","1,082",3.1,100.0,0.0,"2,682",503,11.4,12.5,2.3,"96,388","3,658",2.3,100.0,0.0,"17,079","2,129",7.6,17.7,2.1,"19,297","1,649",5.2,100.0,0.0,"4,478",996,13.5,23.2,4.8,"15,606","1,098",4.3,100.0,0.0,"2,978",539,11.0,19.1,3.2,"96,388","3,658",2.3,100.0,0.0,"6,953",852,7.4,7.2,0.8,"5,567",868,9.5,5.8,0.9,"4,559",708,9.4,4.7,0.7,"3,956",664,10.2,4.1,0.7,"4,641",858,11.2,4.8,0.9,"3,937",639,9.9,4.1,0.6,"1,605",389,14.7,1.7,0.4,"2,971",624,12.8,3.1,0.6,"13,783","1,417",6.2,14.3,1.4,"11,434","1,079",5.7,11.9,1.0,"10,656","1,089",6.2,11.1,1.0,"26,326","1,671",3.9,27.3,1.4,,
CDTA2020,CD,BK10 Bay Ridge-Dyker Heights (CD 10 Approximation),310,Brooklyn,"102,557","2,576",1.5,100.0,0.0,"87,994","4,088",2.8,"121,357","5,509",2.8,"101,463","6,286",3.8,"17,989",823,2.8,100.0,0.0,"64,656","5,568",5.2,"47,748","2,194",2.8,"31,280","1,107",2.2,100.0,0.0,"3,683",549,9.1,11.8,1.7,"124,201","3,232",1.6,100.0,0.0,"17,391","1,614",5.6,14.0,1.2,"25,366","1,368",3.3,100.0,0.0,"4,638",743,9.7,18.3,2.8,"23,625","1,111",2.9,100.0,0.0,"3,426",475,8.4,14.5,1.9,"124,201","3,232",1.6,100.0,0.0,"6,800",742,6.6,5.5,0.6,"3,965",519,8.0,3.2,0.4,"6,626",758,7.0,5.3,0.6,"4,682",662,8.6,3.8,0.5,"5,119",654,7.8,4.1,0.5,"4,677",551,7.2,3.8,0.4,"1,965",475,14.7,1.6,0.4,"3,239",506,9.5,2.6,0.4,"15,348","1,028",4.1,12.4,0.8,"14,471","1,031",4.3,11.7,0.8,"11,707",991,5.1,9.4,0.8,"45,602","1,636",2.2,36.7,0.9,,
CDTA2020,CD,BK11 Bensonhurst-Bath Beach (CD 11 Approximation),311,Brooklyn,"146,108","3,456",1.4,100.0,0.0,"68,756","2,886",2.6,"94,975","4,484",2.9,"77,070","4,233",3.3,"17,677",939,3.2,100.0,0.0,"40,462","4,697",7.1,"32,270","1,520",2.9,"45,373","1,431",1.9,100.0,0.0,"6,301",711,6.9,13.9,1.5,"181,651","4,574",1.5,100.0,0.0,"33,122","2,649",4.9,18.2,1.4,"40,313","2,174",3.3,100.0,0.0,"9,943","1,432",8.8,24.7,3.3,"30,964","1,506",3.0,100.0,0.0,"6,541",759,7.0,21.1,2.2,"181,651","4,574",1.5,100.0,0.0,"12,730","1,253",6.0,7.0,0.7,"7,840",852,6.6,4.3,0.5,"12,552","1,067",5.2,6.9,0.6,"11,689","1,017",5.3,6.4,0.5,"11,064","1,143",6.3,6.1,0.6,"8,107",828,6.2,4.5,0.4,"4,327",750,10.5,2.4,0.4,"5,123",624,7.4,2.8,0.3,"29,616","1,567",3.2,16.3,0.8,"21,320","1,304",3.7,11.7,0.7,"15,242","1,119",4.5,8.4,0.6,"42,041","1,808",2.6,23.1,0.8,,
CDTA2020,CD,BK12 Borough Park-Kensington (CD 12 Approximation),312,Brooklyn,"130,564","3,575",1.7,100.0,0.0,"67,808","3,090",2.8,"99,771","5,092",3.1,"71,535","3,663",3.1,"14,357",908,3.8,100.0,0.0,"48,122","7,252",9.2,"28,349","1,545",3.3,"41,010","1,260",1.9,100.0,0.0,"7,866",693,5.4,19.2,1.6,"192,953","5,707",1.8,100.0,0.0,"47,291","3,764",4.8,24.5,1.8,"70,492","3,603",3.1,100.0,0.0,"21,836","2,400",6.7,31.0,3.0,"23,126","1,335",3.5,100.0,0.0,"4,811",716,9.0,20.8,2.9,"192,953","5,707",1.8,100.0,0.0,"16,300","1,310",4.9,8.4,0.6,"12,554","1,301",6.3,6.5,0.6,"18,437","1,555",5.1,9.6,0.8,"14,604","1,405",5.8,7.6,0.7,"12,105","1,156",5.8,6.3,0.6,"12,813","1,248",5.9,6.6,0.6,"3,324",548,10.0,1.7,0.3,"5,570",801,8.7,2.9,0.4,"30,415","1,931",3.9,15.8,0.9,"19,122","1,429",4.5,9.9,0.7,"14,230","1,323",5.7,7.4,0.6,"33,479","1,680",3.1,17.4,0.7,,
CDTA2020,CD,BK13 Coney Island-Brighton Beach (CD 13 Approximation),313,Brooklyn,"90,002","2,999",2.0,100.0,0.0,"45,489","2,762",3.7,"74,948","4,800",3.9,"63,728","5,097",4.9,"17,876","1,035",3.5,100.0,0.0,"19,991","2,439",7.4,"31,261","2,060",4.0,"28,191","1,288",2.8,100.0,0.0,"4,948",609,7.5,17.6,2.0,"108,518","4,070",2.3,100.0,0.0,"26,362","2,709",6.2,24.3,2.3,"22,426","2,037",5.5,100.0,0.0,"6,983","1,536",13.4,31.1,6.2,"28,122","1,430",3.1,100.0,0.0,"8,523",900,6.4,30.3,2.8,"108,518","4,070",2.3,100.0,0.0,"7,890",963,7.4,7.3,0.8,"6,895",924,8.2,6.4,0.8,"11,577","1,361",7.1,10.7,1.2,"6,917","1,059",9.3,6.4,0.9,"8,246","1,026",7.6,7.6,0.9,"6,602",937,8.6,6.1,0.8,"1,992",437,13.3,1.8,0.4,"2,910",552,11.5,2.7,0.5,"14,590","1,238",5.2,13.4,1.0,"10,466","1,069",6.2,9.6,0.9,"7,750","1,058",8.3,7.1,0.9,"22,683","1,600",4.3,20.9,1.2,,
CDTA2020,CD,BK14 Flatbush-Midwood (CD 14 Approximation),314,Brooklyn,"127,016","3,573",1.7,100.0,0.0,"80,062","3,633",2.8,"115,724","11,444",6.0,"97,163","4,775",3.0,"23,553","1,085",2.8,100.0,0.0,"55,972","6,623",7.2,"44,138","4,356",6.0,"37,034","1,381",2.3,100.0,0.0,"4,347",514,7.2,11.7,1.3,"158,646","4,679",1.8,100.0,0.0,"25,038","2,156",5.2,15.8,1.3,"35,862","2,232",3.8,100.0,0.0,"6,449","1,124",10.6,18.0,2.9,"24,790","1,260",3.1,100.0,0.0,"4,639",533,7.0,18.7,1.9,"158,646","4,679",1.8,100.0,0.0,"9,993","1,022",6.2,6.3,0.6,"5,946",739,7.6,3.7,0.5,"9,099",893,6.0,5.7,0.5,"6,791",893,8.0,4.3,0.5,"6,662",810,7.4,4.2,0.5,"7,167",968,8.2,4.5,0.6,"2,788",502,10.9,1.8,0.3,"4,676",743,9.7,2.9,0.5,"23,718","1,634",4.2,15.0,0.9,"19,748","1,455",4.5,12.4,0.8,"15,558","1,354",5.3,9.8,0.8,"46,500","2,088",2.7,29.3,1.0,,
CDTA2020,CD,BK15 Sheepshead Bay-Gravesend (East) (CD 15 Approximation),315,Brooklyn,"124,415","3,012",1.5,100.0,0.0,"74,164","3,582",2.9,"106,932","4,741",2.7,"92,599","4,221",2.8,"19,362",970,3.0,100.0,0.0,"40,686","3,472",5.2,"40,634","1,870",2.8,"40,166","1,242",1.9,100.0,0.0,"4,868",509,6.4,12.1,1.2,"155,257","3,977",1.6,100.0,0.0,"24,224","1,987",5.0,15.6,1.2,"35,173","1,944",3.4,100.0,0.0,"6,001",923,9.4,17.1,2.4,"31,035","1,282",2.5,100.0,0.0,"6,404",678,6.4,20.6,2.0,"155,257","3,977",1.6,100.0,0.0,"10,842","1,016",5.7,7.0,0.6,"5,584",683,7.4,3.6,0.4,"7,798",784,6.1,5.0,0.5,"7,364",784,6.5,4.7,0.5,"6,843",745,6.6,4.4,0.5,"6,884",753,6.7,4.4,0.5,"2,800",562,12.2,1.8,0.4,"2,860",515,11.0,1.8,0.3,"23,339","1,468",3.8,15.0,0.9,"17,851","1,361",4.6,11.5,0.8,"14,738","1,108",4.6,9.5,0.7,"48,354","2,046",2.6,31.1,1.0,,
CDTA2020,CD,BK16 Ocean Hill-Brownsville (CD 16 Approximation),316,Brooklyn,"76,107","2,806",2.2,100.0,0.0,"42,086","3,339",4.8,"64,676","4,667",4.4,"51,373","3,937",4.7,"15,763","1,104",4.3,100.0,0.0,"25,269","4,192",10.1,"25,073","1,849",4.5,"21,052","1,155",3.3,100.0,0.0,"5,635",735,7.9,26.8,3.2,"96,626","3,730",2.3,100.0,0.0,"31,640","2,646",5.1,32.7,2.4,"22,679","1,943",5.2,100.0,0.0,"9,203","1,486",9.8,40.6,5.6,"11,918","1,055",5.4,100.0,0.0,"3,464",602,10.6,29.1,4.4,"96,626","3,730",2.3,100.0,0.0,"19,168","1,602",5.1,19.8,1.5,"6,002","1,006",10.2,6.2,1.0,"6,470",887,8.3,6.7,0.9,"5,981",829,8.4,6.2,0.8,"4,731",798,10.3,4.9,0.8,"5,474",935,10.4,5.7,0.9,"1,062",349,20.0,1.1,0.4,"3,062",607,12.1,3.2,0.6,"15,228","1,475",5.9,15.8,1.4,"9,584","1,199",7.6,9.9,1.2,"6,285",894,8.6,6.5,0.9,"13,579","1,393",6.2,14.1,1.3,,
CDTA2020,CD,BK17 East Flatbush (CD 17 Approximation),317,Brooklyn,"129,516","3,564",1.7,100.0,0.0,"68,394","2,970",2.6,"93,152","4,457",2.9,"82,758","4,151",3.0,"21,264","1,192",3.4,100.0,0.0,"43,348","4,658",6.5,"35,911","1,814",3.1,"38,737","1,449",2.3,100.0,0.0,"4,988",768,9.4,12.9,1.9,"155,047","4,775",1.9,100.0,0.0,"25,167","2,613",6.3,16.2,1.6,"29,774","2,250",4.6,100.0,0.0,"6,898","1,386",12.2,23.2,4.3,"27,097","1,262",2.8,100.0,0.0,"4,234",605,8.7,15.6,2.1,"155,047","4,775",1.9,100.0,0.0,"11,159","1,178",6.4,7.2,0.7,"6,562",951,8.8,4.2,0.6,"7,446",859,7.0,4.8,0.5,"5,492",884,9.8,3.5,0.6,"6,858",965,8.6,4.4,0.6,"6,296",835,8.1,4.1,0.5,"3,475",686,12.0,2.2,0.4,"4,560",733,9.8,2.9,0.5,"24,775","1,705",4.2,16.0,1.0,"21,355","1,428",4.1,13.8,0.8,"18,020","1,399",4.7,11.6,0.8,"39,049","1,856",2.9,25.2,0.9,,
CDTA2020,CD,BK18 Canarsie-Flatlands (CD 18 Approximation),318,Brooklyn,"156,715","3,462",1.3,100.0,0.0,"86,729","3,320",2.3,"116,191","4,812",2.5,"101,509","4,287",2.6,"18,706",971,3.2,100.0,0.0,"48,400","4,787",6.0,"41,829","1,838",2.7,"49,703","1,318",1.6,100.0,0.0,"5,019",620,7.5,10.1,1.2,"191,560","4,489",1.4,100.0,0.0,"22,408","2,079",5.6,11.7,1.1,"40,811","2,140",3.2,100.0,0.0,"7,008","1,200",10.4,17.2,2.8,"36,717","1,532",2.5,100.0,0.0,"4,268",570,8.1,11.6,1.5,"191,560","4,489",1.4,100.0,0.0,"11,432","1,001",5.3,6.0,0.5,"4,991",631,7.7,2.6,0.3,"5,985",862,8.8,3.1,0.4,"7,329",832,6.9,3.8,0.4,"6,261",777,7.5,3.3,0.4,"6,277",725,7.0,3.3,0.4,"3,064",533,10.6,1.6,0.3,"3,527",512,8.8,1.8,0.3,"27,239","1,542",3.4,14.2,0.7,"26,374","1,413",3.3,13.8,0.7,"22,997","1,347",3.6,12.0,0.6,"66,084","2,202",2.0,34.5,0.8,,
CDTA2020,JIA,BK55 Prospect Park (JIA 55 Approximation),355,Brooklyn,0,,,,,,,,,,,,,,0,,,,,,,,,,,0,,,,,0,,,,,0,,,,,0,,,,,0,,,,,0,,,,,0,,,,,0,,,,,0,,,,,0,,,,,0,,,,,0,,,,,0,,,,,0,,,,,0,,,,,0,,,,,0,,,,,0,,,,,0,,,,,0,,,,,0,,,,,,
CDTA2020,JIA,BK56 Jamaica Bay (West) (JIA 56 Approximation),356,Brooklyn,13,19,88.8,100.0,0.0,"137,498",,,,,,"137,498",,,0,,,,,,,,,,,9,12,81.1,100.0,0.0,0,,,,,13,19,88.8,100.0,0.0,0,,,,,0,,,,,0,,,,,0,,,,,0,,,,,13,19,88.8,100.0,0.0,0,,,,,0,,,,,0,,,,,0,,,,,0,,,,,0,,,,,0,,,,,0,,,,,0,,,,,0,,,,,0,,,,,13,14,65.0,100.0,181.1,,
CDTA2020,CD,BX01 Melrose-Mott Haven-Port Morris (CD 1 Approximation),201,Bronx,"73,432","2,606",2.2,100.0,0.0,"31,296","2,081",4.0,"51,341","3,875",4.6,"37,737","2,344",3.8,"13,839","1,027",4.5,100.0,0.0,"15,729","1,797",6.9,"20,284","1,648",4.9,"23,482","1,237",3.2,100.0,0.0,"7,905",971,7.5,33.7,3.7,"96,493","3,781",2.4,100.0,0.0,"38,169","3,249",5.2,39.6,3.0,"25,855","2,128",5.0,100.0,0.0,"12,804","1,861",8.8,49.5,5.9,"11,358","1,017",5.4,100.0,0.0,"5,030",792,9.6,44.3,5.7,"96,493","3,781",2.4,100.0,0.0,"21,334","1,840",5.2,22.1,1.7,"8,554","1,249",8.9,8.9,1.2,"8,281","1,044",7.7,8.6,1.0,"7,735","1,162",9.1,8.0,1.2,"7,495","1,177",9.5,7.8,1.2,"4,840",879,11.0,5.0,0.9,"1,721",526,18.6,1.8,0.5,"2,661",610,13.9,2.8,0.6,"11,522","1,290",6.8,11.9,1.3,"7,509",975,7.9,7.8,1.0,"6,518","1,051",9.8,6.8,1.1,"8,323","1,033",7.5,8.6,1.0,,
CDTA2020,CD,BX02 Longwood-Hunts Point (CD 2 Approximation),202,Bronx,"41,731","2,046",3.0,100.0,0.0,"39,739","2,929",4.5,"56,984","5,746",6.1,"48,563","4,202",5.3,"7,636",685,5.5,100.0,0.0,"18,814","3,017",9.7,"21,107","2,187",6.3,"12,085",794,4.0,100.0,0.0,"3,053",455,9.1,25.3,3.4,"54,078","2,739",3.1,100.0,0.0,"17,524","1,857",6.4,32.4,3.0,"14,577","1,359",5.7,100.0,0.0,"5,870",997,10.3,40.3,5.7,"6,499",650,6.1,100.0,0.0,"1,913",380,12.1,29.4,5.1,"54,078","2,739",3.1,100.0,0.0,"9,186","1,000",6.6,17.0,1.6,"3,442",571,10.1,6.4,1.0,"4,896",709,8.8,9.1,1.2,"3,503",603,10.5,6.5,1.1,"3,412",657,11.7,6.3,1.2,"2,846",585,12.5,5.3,1.0,"1,080",327,18.4,2.0,0.6,"2,748",643,14.2,5.1,1.2,"8,839","1,058",7.3,16.3,1.8,"6,601",963,8.9,12.2,1.7,"2,557",552,13.1,4.7,1.0,"4,968",826,10.1,9.2,1.5,,
CDTA2020,CD,BX03 Morrisania-Crotona Park East (CD 3 Approximation),203,Bronx,"67,110","2,821",2.6,100.0,0.0,"33,688","2,999",5.4,"49,729","4,066",5.0,"43,634","3,165",4.4,"13,382","1,012",4.6,100.0,0.0,"17,486","2,604",9.1,"19,821","1,635",5.0,"20,282","1,208",3.6,100.0,0.0,"6,037",818,8.2,29.8,3.6,"87,189","3,683",2.6,100.0,0.0,"32,257","2,982",5.6,37.0,3.0,"23,443","1,948",5.1,100.0,0.0,"10,622","1,666",9.5,45.3,6.0,"9,982","1,034",6.3,100.0,0.0,"4,106",684,10.1,41.1,5.4,"87,189","3,683",2.6,100.0,0.0,"15,377","1,478",5.8,17.6,1.5,"8,834","1,283",8.8,10.1,1.4,"8,046","1,056",8.0,9.2,1.1,"6,854","1,140",10.1,7.9,1.3,"6,859",966,8.6,7.9,1.1,"4,459","1,065",14.5,5.1,1.2,"1,857",508,16.6,2.1,0.6,"1,810",570,19.1,2.1,0.6,"15,183","1,525",6.1,17.4,1.6,"8,693","1,163",8.1,10.0,1.3,"3,414",640,11.4,3.9,0.7,"5,803",831,8.7,6.7,0.9,,
CDTA2020,CD,BX04 Highbridge-Concourse (CD 4 Approximation),204,Bronx,"114,826","3,561",1.9,100.0,0.0,"42,143","3,151",4.5,"59,673","3,700",3.8,"49,539","2,549",3.1,"22,424","1,480",4.0,100.0,0.0,"23,068","2,620",6.9,"23,034","1,467",3.9,"33,858","1,435",2.6,100.0,0.0,"9,440","1,056",6.8,27.9,2.9,"147,342","4,775",2.0,100.0,0.0,"47,378","3,650",4.7,32.2,2.2,"37,222","2,417",3.9,100.0,0.0,"14,321","1,868",7.9,38.5,4.4,"17,314","1,414",5.0,100.0,0.0,"6,661","1,007",9.2,38.5,4.9,"147,342","4,775",2.0,100.0,0.0,"22,016","1,677",4.6,14.9,1.0,"11,718","1,344",7.0,8.0,0.9,"13,644","1,527",6.8,9.3,1.0,"9,409","1,278",8.3,6.4,0.8,"6,754",930,8.4,4.6,0.6,"11,617","1,457",7.6,7.9,1.0,"3,855",878,13.8,2.6,0.6,"3,645",685,11.4,2.5,0.5,"25,517","2,000",4.8,17.3,1.2,"14,243","1,374",5.9,9.7,0.9,"12,313","1,413",7.0,8.4,0.9,"12,611","1,184",5.7,8.6,0.8,,
CDTA2020,CD,BX05 Morris Heights-Mount Hope (CD 5 Approximation),205,Bronx,"101,761","3,312",2.0,100.0,0.0,"39,638","2,884",4.4,"54,709","3,340",3.7,"48,231","1,957",2.5,"16,171","1,144",4.3,100.0,0.0,"19,978","2,051",6.2,"19,789","1,262",3.9,"30,409","1,335",2.7,100.0,0.0,"8,511",922,6.6,28.0,2.8,"132,897","4,739",2.2,100.0,0.0,"43,792","3,283",4.6,33.0,2.2,"35,580","2,617",4.5,100.0,0.0,"14,106","1,918",8.3,39.6,4.5,"12,105",981,4.9,100.0,0.0,"4,627",633,8.3,38.2,4.2,"132,897","4,739",2.2,100.0,0.0,"23,158","1,868",4.9,17.4,1.3,"10,499","1,197",6.9,7.9,0.9,"10,135","1,143",6.9,7.6,0.8,"9,227","1,121",7.4,6.9,0.8,"9,685","1,229",7.7,7.3,0.9,"9,066","1,290",8.6,6.8,0.9,"2,405",614,15.5,1.8,0.5,"2,998",666,13.5,2.3,0.5,"24,252","1,830",4.6,18.2,1.2,"17,158","1,571",5.6,12.9,1.1,"5,479",840,9.3,4.1,0.6,"8,835","1,136",7.8,6.6,0.8,,
CDTA2020,CD,BX06 Tremont-Belmont-West Farms (CD 6 Approximation),206,Bronx,"65,904","2,416",2.2,100.0,0.0,"33,090","2,789",5.1,"52,803","4,677",5.4,"43,501","3,328",4.7,"12,235",904,4.5,100.0,0.0,"18,515","3,330",10.9,"19,679","1,784",5.5,"18,999","1,045",3.3,100.0,0.0,"6,372",798,7.6,33.5,3.8,"83,134","3,531",2.6,100.0,0.0,"32,126","2,738",5.2,38.6,2.9,"22,746","1,969",5.3,100.0,0.0,"10,795","1,591",9.0,47.5,5.7,"9,091",847,5.7,100.0,0.0,"4,044",661,9.9,44.5,6.0,"83,134","3,531",2.6,100.0,0.0,"15,313","1,406",5.6,18.4,1.5,"6,903",927,8.2,8.3,1.1,"9,910","1,171",7.2,11.9,1.3,"5,707",838,8.9,6.9,1.0,"6,858","1,065",9.4,8.2,1.2,"4,973",760,9.3,6.0,0.9,"1,147",364,19.3,1.4,0.4,"1,652",382,14.1,2.0,0.5,"13,172","1,305",6.0,15.8,1.4,"6,275",844,8.2,7.5,1.0,"4,939",795,9.8,5.9,0.9,"6,285",839,8.1,7.6,1.0,,
CDTA2020,CD,BX07 Fordham-Bedford Park-Norwood (CD 7 Approximation),207,Bronx,"106,771","3,312",1.9,100.0,0.0,"46,185","2,585",3.4,"62,727","3,609",3.5,"54,189","2,679",3.0,"20,737","1,210",3.5,100.0,0.0,"26,848","3,456",7.8,"23,947","1,386",3.5,"31,189","1,347",2.6,100.0,0.0,"6,977",823,7.2,22.4,2.5,"134,031","4,350",2.0,100.0,0.0,"35,704","3,079",5.2,26.6,2.1,"31,965","2,069",3.9,100.0,0.0,"10,719","1,434",8.1,33.5,3.9,"14,476","1,176",4.9,100.0,0.0,"4,611",803,10.6,31.9,4.9,"134,031","4,350",2.0,100.0,0.0,"16,592","1,406",5.2,12.4,1.0,"10,400","1,207",7.1,7.8,0.9,"8,712","1,010",7.0,6.5,0.7,"8,876","1,014",6.9,6.6,0.7,"8,249",997,7.4,6.2,0.7,"7,549",900,7.2,5.6,0.6,"4,384",769,10.7,3.3,0.6,"5,249",771,8.9,3.9,0.6,"22,772","1,674",4.5,17.0,1.1,"17,654","1,667",5.7,13.2,1.2,"11,003","1,114",6.2,8.2,0.8,"12,591","1,105",5.3,9.4,0.8,,
CDTA2020,CD,BX08 Riverdale-Kingsbridge-Marble Hill (CD 8 Approximation),208,Bronx,"84,663","2,805",2.0,100.0,0.0,"75,226","4,289",3.5,"108,152","5,696",3.2,"93,012","6,693",4.4,"18,685","1,195",3.9,100.0,0.0,"58,265","4,541",4.7,"44,646","2,527",3.4,"24,256","1,110",2.8,100.0,0.0,"3,157",595,11.5,13.0,2.4,"100,735","3,817",2.3,100.0,0.0,"17,738","2,739",9.4,17.6,2.6,"23,684","2,055",5.3,100.0,0.0,"5,923","1,550",15.9,25.0,6.2,"20,016","1,259",3.8,100.0,0.0,"2,618",490,11.4,13.1,2.3,"100,735","3,817",2.3,100.0,0.0,"9,743","1,432",8.9,9.7,1.4,"3,218",662,12.5,3.2,0.6,"4,777",774,9.8,4.7,0.7,"4,393",808,11.2,4.4,0.8,"3,158",611,11.8,3.1,0.6,"2,616",518,12.0,2.6,0.5,"1,650",449,16.5,1.6,0.4,"3,055",583,11.6,3.0,0.6,"12,426","1,280",6.3,12.3,1.2,"11,939","1,218",6.2,11.9,1.1,"10,999","1,187",6.6,10.9,1.1,"32,761","1,778",3.3,32.5,1.3,,
CDTA2020,CD,BX09 Soundview-Parkchester (CD 9 Approximation),209,Bronx,"133,057","3,613",1.7,100.0,0.0,"50,178","2,514",3.0,"69,195","3,629",3.2,"59,597","2,905",3.0,"22,349","1,271",3.5,100.0,0.0,"30,227","3,201",6.4,"25,663","1,368",3.2,"40,617","1,537",2.3,100.0,0.0,"8,990",852,5.8,22.1,1.9,"169,110","4,704",1.7,100.0,0.0,"44,268","3,105",4.3,26.2,1.7,"40,533","2,240",3.4,100.0,0.0,"14,356","1,653",7.0,35.4,3.6,"24,772","1,399",3.4,100.0,0.0,"6,458",771,7.3,26.1,2.7,"169,110","4,704",1.7,100.0,0.0,"24,604","1,857",4.6,14.5,1.0,"9,910","1,021",6.3,5.9,0.6,"9,754","1,002",6.2,5.8,0.6,"10,932","1,056",5.9,6.5,0.6,"9,464","1,018",6.5,5.6,0.6,"8,939","1,030",7.0,5.3,0.6,"3,633",590,9.9,2.1,0.3,"4,773",683,8.7,2.8,0.4,"28,784","1,951",4.1,17.0,1.1,"19,448","1,599",5.0,11.5,0.9,"12,855","1,276",6.0,7.6,0.7,"26,014","1,786",4.2,15.4,1.0,,
CDTA2020,CD,BX10 Co-op City-Throgs Neck (CD 10 Approximation),210,Bronx,"105,295","3,222",1.9,100.0,0.0,"70,292","3,465",3.0,"91,815","4,853",3.2,"85,896","4,500",3.2,"18,553","1,111",3.6,100.0,0.0,"40,301","4,225",6.4,"36,489","2,022",3.4,"32,102","1,380",2.6,100.0,0.0,"3,189",540,10.3,9.9,1.6,"125,244","4,164",2.0,100.0,0.0,"17,835","1,971",6.7,14.2,1.5,"25,707","2,063",4.9,100.0,0.0,"4,549",927,12.4,17.7,3.3,"23,912","1,561",4.0,100.0,0.0,"4,043",660,9.9,16.9,2.5,"125,244","4,164",2.0,100.0,0.0,"8,850",952,6.5,7.1,0.7,"3,582",704,11.9,2.9,0.6,"5,403",834,9.4,4.3,0.6,"5,134",746,8.8,4.1,0.6,"5,791",891,9.4,4.6,0.7,"6,049","1,482",14.9,4.8,1.2,"2,282",460,12.2,1.8,0.4,"2,919",607,12.6,2.3,0.5,"17,974","1,553",5.3,14.4,1.1,"18,168","1,515",5.1,14.5,1.1,"15,002","1,579",6.4,12.0,1.2,"34,090","1,995",3.6,27.2,1.3,,
CDTA2020,CD,BX11 Pelham Parkway-Morris Park (CD 11 Approximation),211,Bronx,"92,188","2,582",1.7,100.0,0.0,"65,063","3,140",2.9,"85,209","4,451",3.2,"76,235","4,739",3.8,"15,438",961,3.8,100.0,0.0,"37,310","4,301",7.0,"32,032","1,721",3.3,"27,452","1,111",2.5,100.0,0.0,"3,659",486,8.1,13.3,1.7,"110,430","3,392",1.9,100.0,0.0,"19,596","1,967",6.1,17.7,1.7,"24,272","1,665",4.2,100.0,0.0,"5,735","1,029",10.9,23.6,3.9,"16,358","1,031",3.8,100.0,0.0,"3,079",492,9.7,18.8,2.8,"110,430","3,392",1.9,100.0,0.0,"9,782",990,6.2,8.9,0.9,"4,011",603,9.1,3.6,0.5,"5,803",834,8.7,5.3,0.7,"5,034",585,7.1,4.6,0.5,"4,120",537,7.9,3.7,0.5,"5,623",768,8.3,5.1,0.7,"1,085",383,21.5,1.0,0.3,"3,098",534,10.5,2.8,0.5,"19,555","1,306",4.1,17.7,1.1,"15,162","1,170",4.7,13.7,1.0,"11,857","1,076",5.5,10.7,0.9,"25,300","1,423",3.4,22.9,1.1,,
CDTA2020,CD,BX12 Wakefield-Williamsbridge-Eastchester (CD 12 Approximation),212,Bronx,"126,944","3,865",1.9,100.0,0.0,"66,304","3,076",2.8,"88,437","4,748",3.3,"80,449","4,187",3.2,"18,581","1,152",3.8,100.0,0.0,"38,769","3,675",5.8,"31,532","1,698",3.3,"38,831","1,484",2.3,100.0,0.0,"6,537",854,7.9,16.8,2.1,"158,121","5,078",2.0,100.0,0.0,"31,794","3,092",5.9,20.1,1.8,"36,798","2,279",3.8,100.0,0.0,"10,271","1,677",9.9,27.9,4.2,"24,012","1,563",4.0,100.0,0.0,"4,042",589,8.9,16.8,2.2,"158,121","5,078",2.0,100.0,0.0,"15,407","1,387",5.5,9.7,0.8,"9,331","1,348",8.8,5.9,0.8,"7,056",958,8.3,4.5,0.6,"7,177",877,7.4,4.5,0.5,"6,539",910,8.5,4.1,0.6,"6,450",919,8.7,4.1,0.6,"2,249",600,16.2,1.4,0.4,"2,972",524,10.7,1.9,0.3,"26,923","1,817",4.1,17.0,1.0,"21,678","1,549",4.3,13.7,0.9,"15,235","1,288",5.1,9.6,0.8,"37,104","2,049",3.4,23.5,1.1,,
CDTA2020,JIA,BX26 Van Cortlandt Park (JIA 26 Equivalent),226,Bronx,56,29,31.5,100.0,0.0,"106,249","162,537",93.0,"123,613","97,619",48.0,,,,38,21,33.6,100.0,0.0,"106,249","162,537",93.0,"85,286","66,236",47.2,0,,,,,0,,,,,56,29,31.5,100.0,0.0,10,16,97.3,17.9,27.0,0,,,,,0,,,,,0,,,,,0,,,,,56,29,31.5,100.0,0.0,10,16,97.3,17.9,27.0,0,,,,,0,,,,,0,,,,,0,,,,,0,,,,,0,,,,,0,,,,,0,,,,,9,15,101.3,16.1,25.5,8,12,91.2,14.3,20.1,29,21,43.7,51.8,25.8,,
CDTA2020,JIA,BX27 Bronx Park (JIA 27 Approximation),227,Bronx,26,35,81.8,100.0,0.0,"67,498",,,,,,"67,498",,,0,,,,,,,,"12,435","24,054",117.6,4,6,91.2,100.0,0.0,0,,,,,26,35,81.8,100.0,0.0,2,4,121.6,7.7,11.4,5,7,85.1,100.0,0.0,0,,,,,0,,,,,0,,,,,26,35,81.8,100.0,0.0,2,4,109.6,7.7,9.2,0,,,,,0,,,,,1,2,121.6,3.8,5.7,0,,,,,0,,,,,0,,,,,23,19,50.1,88.5,139.6,0,,,,,0,,,,,0,,,,,0,,,,,,
CDTA2020,JIA,BX28 Pelham Bay Park (JIA 28 Approximation),228,Bronx,36,51,86.1,100.0,0.0,"45,499",,,,,,"45,499",,,0,,,,,,,,"8,121","17,313",129.6,18,25,84.4,100.0,0.0,8,15,114.0,44.4,56.0,57,85,90.7,100.0,0.0,15,29,117.5,26.3,32.4,21,36,104.2,100.0,0.0,0,,,,,1,2,121.6,100.0,0.0,0,,,,,57,85,90.7,100.0,0.0,15,29,117.5,26.3,32.4,0,,,,,0,,,,,0,,,,,0,,,,,38,34,54.8,66.7,116.2,0,,,,,0,,,,,4,5,81.8,7.0,14.1,0,,,,,0,,,,,0,,,,,,
CDTA2020,CD,MN01 Financial District-Tribeca (CD 1 Equivalent),101,Manhattan,"62,189","2,848",2.8,100.0,0.0,"200,000",,,"352,297","42,356",7.3,"200,000",,,"18,951","1,167",3.7,100.0,0.0,"173,701","13,166",4.6,"166,196","19,332",7.1,"14,381","1,278",5.4,100.0,0.0,456,223,29.7,3.2,1.5,"68,551","3,343",3.0,100.0,0.0,"4,172","1,020",14.9,6.1,1.5,"10,561","1,225",7.0,100.0,0.0,587,458,47.4,5.6,4.3,"6,834","1,200",10.7,100.0,0.0,782,269,20.9,11.4,3.4,"68,551","3,343",3.0,100.0,0.0,"2,691",802,18.1,3.9,1.2,476,216,27.6,0.7,0.3,"1,005",353,21.3,1.5,0.5,369,219,36.1,0.5,0.3,757,312,25.1,1.1,0.5,686,267,23.7,1.0,0.4,588,335,34.6,0.9,0.5,389,201,31.5,0.6,0.3,"2,404",573,14.5,3.5,0.8,"3,769","1,003",16.2,5.5,1.4,"4,119",766,11.3,6.0,1.1,"51,298","2,954",3.5,74.8,2.3,,
CDTA2020,CD,MN02 Greenwich Village-SoHo (CD 2 Equivalent),102,Manhattan,"79,361","2,894",2.2,100.0,0.0,"157,525","10,105",3.9,"279,573","26,917",5.9,"200,000",,,"31,537","1,504",2.9,100.0,0.0,"124,043","7,536",3.7,"151,470","12,755",5.1,"15,002","1,139",4.6,100.0,0.0,378,144,23.2,2.5,0.9,"80,852","3,266",2.5,100.0,0.0,"6,161","1,000",9.9,7.6,1.2,"7,386",902,7.4,100.0,0.0,207,112,32.7,2.8,1.5,"14,910","1,126",4.6,100.0,0.0,"1,479",357,14.7,9.9,2.3,"80,852","3,266",2.5,100.0,0.0,"3,800",825,13.2,4.7,1.0,"1,116",317,17.3,1.4,0.4,"1,245",328,16.0,1.5,0.4,"1,041",294,17.2,1.3,0.4,"1,674",395,14.3,2.1,0.5,"1,236",411,20.2,1.5,0.5,532,380,43.4,0.7,0.5,691,252,22.1,0.9,0.3,"4,222",678,9.8,5.2,0.8,"5,312",912,10.4,6.6,1.1,"4,504",721,9.7,5.6,0.9,"55,479","2,701",3.0,68.6,1.9,,
CDTA2020,CD,MN03 Lower East Side-Chinatown (CD 3 Equivalent),103,Manhattan,"137,881","4,276",1.9,100.0,0.0,"58,967","3,533",3.6,"111,241","7,903",4.3,"57,274","4,546",4.8,"44,786","1,868",2.5,100.0,0.0,"59,300","5,288",5.4,"56,604","3,999",4.3,"28,762","1,674",3.5,100.0,0.0,"6,288",972,9.4,21.9,3.1,"147,229","4,943",2.0,100.0,0.0,"36,039","3,184",5.4,24.5,2.0,"17,006","1,874",6.7,100.0,0.0,"6,080","1,625",16.2,35.8,8.7,"29,919","1,897",3.9,100.0,0.0,"9,538","1,280",8.2,31.9,3.8,"147,229","4,943",2.0,100.0,0.0,"18,789","2,067",6.7,12.8,1.3,"8,575","1,278",9.1,5.8,0.8,"8,675","1,007",7.1,5.9,0.7,"7,741",958,7.5,5.3,0.6,"6,086",891,8.9,4.1,0.6,"5,804","1,121",11.7,3.9,0.7,"1,545",367,14.4,1.0,0.2,"3,433",718,12.7,2.3,0.5,"17,524","1,555",5.4,11.9,1.0,"13,593","1,626",7.3,9.2,1.1,"9,280","1,147",7.5,6.3,0.7,"46,184","2,724",3.6,31.4,1.5,,
CDTA2020,CD,MN04 Chelsea-Hell's Kitchen (CD 4 Approximation),104,Manhattan,"108,356","3,659",2.1,100.0,0.0,"116,306","5,018",2.6,"187,704","12,808",4.1,"170,280","17,468",6.2,"48,998","2,279",2.8,100.0,0.0,"103,253","5,412",3.2,"112,930","7,669",4.1,"20,167","1,399",4.2,100.0,0.0,"1,544",380,15.0,7.7,1.8,"115,619","3,922",2.1,100.0,0.0,"14,205","1,510",6.5,12.3,1.2,"9,429","1,150",7.4,100.0,0.0,"1,554",496,19.4,16.5,4.9,"19,169","1,714",5.4,100.0,0.0,"3,139",774,15.0,16.4,3.8,"115,619","3,922",2.1,100.0,0.0,"7,506","1,010",8.2,6.5,0.8,"3,824",799,12.7,3.3,0.7,"2,875",678,14.3,2.5,0.6,"2,642",726,16.7,2.3,0.6,"3,589",947,16.0,3.1,0.8,"2,468",605,14.9,2.1,0.5,"1,357",489,21.9,1.2,0.4,915,323,21.5,0.8,0.3,"8,631","1,172",8.3,7.5,1.0,"9,885","1,401",8.6,8.5,1.2,"7,260","1,014",8.5,6.3,0.9,"64,667","3,233",3.0,55.9,2.1,,
CDTA2020,CD,MN05 Midtown-Flatiron-Union Square (CD 5 Approximation),105,Manhattan,"47,950","1,845",2.3,100.0,0.0,"167,989","14,025",5.1,"264,998","23,551",5.4,"200,000",,,"20,611","1,163",3.4,100.0,0.0,"123,394","11,713",5.8,"159,135","16,576",6.3,"8,046",678,5.1,100.0,0.0,411,203,30.0,5.1,2.5,"48,692","2,137",2.7,100.0,0.0,"6,232",850,8.3,12.8,1.7,"3,793",717,11.5,100.0,0.0,352,297,51.4,9.3,7.6,"8,407",794,5.7,100.0,0.0,"1,249",263,12.8,14.9,2.8,"48,692","2,137",2.7,100.0,0.0,"3,688",622,10.3,7.6,1.2,"1,620",439,16.5,3.3,0.9,924,253,16.6,1.9,0.5,708,241,20.7,1.5,0.5,794,215,16.4,1.6,0.4,576,246,26.0,1.2,0.5,228,180,48.1,0.5,0.4,221,122,33.5,0.5,0.2,"2,394",465,11.8,4.9,0.9,"2,286",412,11.0,4.7,0.8,"2,637",529,12.2,5.4,1.1,"32,616","1,927",3.6,67.0,2.7,,
CDTA2020,CD,MN06 East Midtown-Murray Hill (CD 6 Approximation),106,Manhattan,"131,658","4,453",2.1,100.0,0.0,"154,907","6,748",2.6,"224,961","14,328",3.9,"200,000",,,"51,060","2,091",2.5,100.0,0.0,"117,856","4,369",2.3,"125,771","8,438",4.1,"27,471","1,878",4.2,100.0,0.0,"1,091",615,34.2,4.0,2.2,"140,961","5,150",2.2,100.0,0.0,"11,892","1,775",9.1,8.4,1.2,"14,474","1,646",6.9,100.0,0.0,376,308,49.8,2.6,2.1,"29,088","2,479",5.2,100.0,0.0,"2,367",590,15.1,8.1,1.9,"140,961","5,150",2.2,100.0,0.0,"7,184","1,113",9.4,5.1,0.8,"2,557",731,17.4,1.8,0.5,"2,151","1,008",28.5,1.5,0.7,"2,327",729,19.0,1.7,0.5,"1,235",380,18.7,0.9,0.3,"1,956",669,20.8,1.4,0.5,413,201,29.5,0.3,0.1,"1,771",741,25.4,1.3,0.5,"6,606","1,099",10.1,4.7,0.8,"8,438","1,263",9.1,6.0,0.9,"9,496","1,701",10.9,6.7,1.2,"96,827","4,105",2.6,68.7,1.5,,
CDTA2020,CD,MN07 Upper West Side (CD 7 Approximation),107,Manhattan,"187,789","5,841",1.9,100.0,0.0,"144,026","5,770",2.4,"250,436","12,872",3.1,"200,000",,,"58,881","2,411",2.5,100.0,0.0,"97,857","4,672",2.9,"125,386","6,950",3.4,"48,236","2,271",2.9,100.0,0.0,"2,886",705,14.8,6.0,1.4,"214,612","7,261",2.1,100.0,0.0,"23,628","2,609",6.7,11.0,1.2,"33,606","2,818",5.1,100.0,0.0,"4,224","1,399",20.1,12.6,4.0,"46,147","2,427",3.2,100.0,0.0,"5,281",940,10.8,11.4,1.9,"214,612","7,261",2.1,100.0,0.0,"14,564","1,823",7.6,6.8,0.8,"4,412",917,12.6,2.1,0.4,"4,652",811,10.6,2.2,0.4,"4,919","1,157",14.3,2.3,0.5,"3,363",711,12.9,1.6,0.3,"4,198",903,13.1,2.0,0.4,"1,089",381,21.3,0.5,0.2,"1,098",315,17.5,0.5,0.1,"13,295","1,650",7.5,6.2,0.7,"11,841","1,356",7.0,5.5,0.6,"15,003","1,734",7.0,7.0,0.8,"136,178","5,199",2.3,63.5,1.1,,
CDTA2020,CD,MN08 Upper East Side-Roosevelt Island (CD 8 Equivalent),108,Manhattan,"184,415","5,191",1.7,100.0,0.0,"153,866","6,423",2.5,"263,863","14,919",3.4,"200,000",,,"61,569","2,573",2.5,100.0,0.0,"107,784","4,308",2.4,"138,699","7,998",3.5,"48,788","2,174",2.7,100.0,0.0,"2,093",588,17.1,4.3,1.2,"210,038","6,105",1.8,100.0,0.0,"15,337","2,092",8.3,7.3,1.0,"31,170","2,141",4.2,100.0,0.0,"1,615",524,19.7,5.2,1.6,"48,208","2,453",3.1,100.0,0.0,"3,458",705,12.4,7.2,1.4,"210,038","6,105",1.8,100.0,0.0,"9,072","1,196",8.0,4.3,0.6,"3,660",936,15.5,1.7,0.4,"2,605",652,15.2,1.2,0.3,"2,016",706,21.3,1.0,0.3,"1,859",531,17.4,0.9,0.3,"2,707",619,13.9,1.3,0.3,"1,939",515,16.2,0.9,0.2,"1,709",508,18.1,0.8,0.2,"13,117","1,620",7.5,6.2,0.7,"14,632","1,775",7.4,7.0,0.8,"12,068","1,390",7.0,5.7,0.6,"144,654","4,850",2.0,68.9,1.2,,
CDTA2020,CD,MN09 Morningside Heights-Hamilton Heights (CD 9 Equivalent),109,Manhattan,"98,222","3,552",2.2,100.0,0.0,"65,048","4,678",4.4,"111,399","8,718",4.8,"75,455","7,788",6.3,"21,517","1,156",3.3,100.0,0.0,"56,577","4,629",5.0,"43,657","3,391",4.7,"18,956","1,098",3.5,100.0,0.0,"3,935",631,9.7,20.8,3.1,"100,950","4,158",2.5,100.0,0.0,"25,174","2,632",6.4,24.9,2.4,"15,901","1,543",5.9,100.0,0.0,"5,121","1,024",12.2,32.2,5.6,"15,305","1,176",4.7,100.0,0.0,"4,085",729,10.8,26.7,4.3,"100,950","4,158",2.5,100.0,0.0,"13,013","1,431",6.7,12.9,1.3,"5,997",924,9.4,5.9,0.9,"6,164","1,098",10.8,6.1,1.1,"3,307",621,11.4,3.3,0.6,"5,091",861,10.3,5.0,0.8,"4,430",921,12.6,4.4,0.9,"1,057",542,31.2,1.0,0.5,"2,689",864,19.5,2.7,0.8,"13,397","1,351",6.1,13.3,1.2,"10,034","1,212",7.3,9.9,1.1,"9,039","1,072",7.2,9.0,1.0,"26,732","1,892",4.3,26.5,1.5,,
CDTA2020,CD,MN10 Harlem (CD 10 Equivalent),110,Manhattan,"111,546","3,352",1.8,100.0,0.0,"59,061","3,540",3.6,"100,289","5,828",3.5,"70,212","4,443",3.8,"31,095","1,485",2.9,100.0,0.0,"44,856","4,623",6.3,"45,989","2,781",3.7,"26,963","1,301",2.9,100.0,0.0,"5,382",756,8.5,20.0,2.6,"134,265","4,242",1.9,100.0,0.0,"32,066","2,939",5.6,23.9,2.1,"25,899","2,124",5.0,100.0,0.0,"6,677","1,287",11.7,25.8,4.5,"16,057","1,081",4.1,100.0,0.0,"4,529",657,8.8,28.2,3.6,"134,265","4,242",1.9,100.0,0.0,"15,325","1,371",5.4,11.4,1.0,"7,481","1,138",9.2,5.6,0.8,"9,260","1,228",8.1,6.9,0.9,"7,399","1,201",9.9,5.5,0.9,"4,892",752,9.3,3.6,0.5,"5,845",885,9.2,4.4,0.6,"1,684",395,14.3,1.3,0.3,"4,137",906,13.3,3.1,0.7,"19,345","1,662",5.2,14.4,1.2,"13,254","1,273",5.8,9.9,0.9,"8,196",957,7.1,6.1,0.7,"37,447","2,065",3.4,27.9,1.3,,
CDTA2020,CD,MN11 East Harlem (CD 11 Equivalent),111,Manhattan,"102,884","3,489",2.1,100.0,0.0,"40,975","3,040",4.5,"80,079","5,688",4.3,"46,927","4,640",6.0,"28,520","1,388",3.0,100.0,0.0,"29,984","4,975",10.1,"37,491","2,664",4.3,"25,235","1,549",3.7,100.0,0.0,"7,740","1,263",9.9,30.7,4.6,"121,051","4,301",2.2,100.0,0.0,"39,168","3,197",5.0,32.4,2.4,"23,803","1,932",4.9,100.0,0.0,"9,558","1,453",9.2,40.2,5.2,"18,431","1,618",5.3,100.0,0.0,"6,783","1,164",10.4,36.8,5.4,"121,051","4,301",2.2,100.0,0.0,"18,964","1,748",5.6,15.7,1.3,"11,303","1,475",7.9,9.3,1.2,"8,901","1,025",7.0,7.4,0.8,"8,462","1,357",9.7,7.0,1.1,"7,544","1,161",9.4,6.2,0.9,"4,993",729,8.9,4.1,0.6,"2,742",553,12.3,2.3,0.4,"2,945",595,12.3,2.4,0.5,"11,984","1,210",6.1,9.9,0.9,"11,006","1,153",6.4,9.1,0.9,"8,865","1,366",9.4,7.3,1.1,"23,342","1,618",4.2,19.3,1.1,,
CDTA2020,CD,MN12 Washington Heights-Inwood (CD 12 Equivalent),112,Manhattan,"161,965","5,188",1.9,100.0,0.0,"67,024","2,764",2.5,"99,938","11,022",6.7,"77,873","5,122",4.0,"34,682","1,544",2.7,100.0,0.0,"52,685","3,498",4.0,"43,658","5,271",7.3,"37,577","1,525",2.5,100.0,0.0,"5,599",740,8.0,14.9,1.9,"185,440","5,874",1.9,100.0,0.0,"31,912","3,030",5.8,17.2,1.5,"29,464","2,010",4.1,100.0,0.0,"5,618","1,186",12.8,19.1,3.8,"30,393","1,803",3.6,100.0,0.0,"8,380","1,088",7.9,27.6,3.2,"185,440","5,874",1.9,100.0,0.0,"12,890","1,367",6.4,7.0,0.7,"9,071","1,164",7.8,4.9,0.6,"9,951","1,257",7.7,5.4,0.7,"9,081","1,148",7.7,4.9,0.6,"10,820","1,488",8.4,5.8,0.8,"8,072","1,146",8.6,4.4,0.6,"3,666",840,13.9,2.0,0.4,"6,655","1,234",11.3,3.6,0.7,"30,638","2,297",4.6,16.5,1.1,"24,023","2,207",5.6,13.0,1.1,"15,296","1,432",5.7,8.2,0.7,"45,277","2,446",3.3,24.4,1.1,,
CDTA2020,JIA,MN64 Central Park (JIA 64 Equivalent),164,Manhattan,0,,,,,,,,,,,,,,0,,,,,,,,,,,0,,,,,0,,,,,0,,,,,0,,,,,0,,,,,0,,,,,0,,,,,0,,,,,0,,,,,0,,,,,0,,,,,0,,,,,0,,,,,0,,,,,0,,,,,0,,,,,0,,,,,0,,,,,0,,,,,0,,,,,0,,,,,,
CDTA2020,CD,QN01 Astoria-Queensbridge (CD 1 Equivalent),401,Queens,"155,506","3,612",1.4,100.0,0.0,"90,640","3,366",2.3,"122,051","7,228",3.6,"101,157","5,618",3.4,"41,369","1,451",2.1,100.0,0.0,"78,435","4,411",3.4,"54,395","3,170",3.5,"37,809","1,303",2.1,100.0,0.0,"3,513",426,7.4,9.3,1.1,"174,708","4,107",1.4,100.0,0.0,"21,759","1,729",4.8,12.5,0.9,"25,801","1,653",3.9,100.0,0.0,"4,080",773,11.5,15.8,2.8,"23,142","1,207",3.2,100.0,0.0,"4,327",568,8.0,18.7,2.3,"174,708","4,107",1.4,100.0,0.0,"11,295",957,5.1,6.5,0.5,"4,551",551,7.4,2.6,0.3,"5,913",746,7.7,3.4,0.4,"6,728",826,7.5,3.9,0.5,"6,561",811,7.5,3.8,0.5,"7,286",870,7.3,4.2,0.5,"2,634",442,10.2,1.5,0.3,"3,821",595,9.5,2.2,0.3,"23,661","1,497",3.8,13.5,0.8,"19,911","1,246",3.8,11.4,0.7,"18,973","1,270",4.1,10.9,0.7,"63,374","2,291",2.2,36.3,1.0,,
CDTA2020,CD,QN02 Long Island City-Sunnyside-Woodside (CD 2 Approximation),402,Queens,"104,598","3,035",1.8,100.0,0.0,"93,496","3,699",2.4,"136,068","11,167",5.0,"107,536","7,023",4.0,"25,531","1,184",2.8,100.0,0.0,"77,415","4,780",3.8,"58,697","4,855",5.0,"28,131","1,333",2.9,100.0,0.0,"1,679",313,11.3,6.0,1.1,"122,991","3,937",1.9,100.0,0.0,"11,619","1,373",7.2,9.4,1.1,"21,022","1,617",4.7,100.0,0.0,"1,833",517,17.2,8.7,2.4,"15,548","1,118",4.4,100.0,0.0,"2,154",466,13.1,13.9,2.8,"122,991","3,937",1.9,100.0,0.0,"6,193",842,8.3,5.0,0.7,"2,157",403,11.4,1.8,0.3,"3,269",496,9.2,2.7,0.4,"3,959",636,9.8,3.2,0.5,"5,490",824,9.1,4.5,0.7,"5,939",831,8.5,4.8,0.7,"1,204",321,16.2,1.0,0.3,"2,656",562,12.9,2.2,0.5,"17,971","1,449",4.9,14.6,1.1,"16,225","1,457",5.5,13.2,1.1,"11,329","1,033",5.5,9.2,0.8,"46,599","2,088",2.7,37.9,1.2,,
CDTA2020,CD,QN03 Jackson Heights-East Elmhurst (CD 3 Approximation),403,Queens,"132,253","4,010",1.8,100.0,0.0,"78,398","3,471",2.7,"102,361","5,259",3.1,"81,265","3,952",3.0,"16,062","1,116",4.2,100.0,0.0,"60,507","5,029",5.1,"33,558","1,826",3.3,"36,405","1,275",2.1,100.0,0.0,"4,124",612,9.0,11.3,1.6,"160,317","5,142",1.9,100.0,0.0,"23,709","2,799",7.2,14.8,1.7,"32,730","2,381",4.4,100.0,0.0,"7,419","1,663",13.6,22.7,4.8,"22,924","1,478",3.9,100.0,0.0,"2,961",554,11.4,12.9,2.3,"160,317","5,142",1.9,100.0,0.0,"9,599",992,6.3,6.0,0.6,"7,151","1,162",9.9,4.5,0.7,"6,959",952,8.3,4.3,0.6,"7,160",900,7.6,4.5,0.5,"7,666",964,7.6,4.8,0.6,"8,553",955,6.8,5.3,0.6,"3,141",555,10.7,2.0,0.3,"5,437",902,10.1,3.4,0.6,"31,662","1,884",3.6,19.7,1.0,"22,796","1,664",4.4,14.2,0.9,"15,798","1,365",5.3,9.9,0.8,"34,395","2,071",3.7,21.5,1.1,,
CDTA2020,CD,QN04 Elmhurst-Corona (CD 4 Approximation),404,Queens,"135,921","4,041",1.8,100.0,0.0,"69,434","2,646",2.3,"89,084","4,715",3.2,"71,412","2,966",2.5,"15,147","1,163",4.7,100.0,0.0,"46,418","4,249",5.6,"28,325","1,477",3.2,"37,862","1,376",2.2,100.0,0.0,"4,424",627,8.6,11.7,1.6,"165,947","5,073",1.9,100.0,0.0,"24,513","2,360",5.9,14.8,1.3,"35,203","2,242",3.9,100.0,0.0,"7,272","1,304",10.9,20.7,3.5,"22,499","1,423",3.8,100.0,0.0,"4,226",682,9.8,18.8,2.8,"165,947","5,073",1.9,100.0,0.0,"9,350","1,006",6.5,5.6,0.6,"6,014",891,9.0,3.6,0.5,"9,149","1,062",7.1,5.5,0.6,"10,544","1,233",7.1,6.4,0.7,"9,708","1,061",6.6,5.9,0.6,"11,342","1,102",5.9,6.8,0.6,"3,873",659,10.3,2.3,0.4,"5,306",774,8.9,3.2,0.5,"37,451","2,099",3.4,22.6,1.1,"24,823","1,968",4.8,15.0,1.1,"16,676","1,459",5.3,10.0,0.8,"21,711","1,500",4.2,13.1,0.8,,
CDTA2020,CD,QN05 Ridgewood-Maspeth-Middle Village (CD 5 Approximation),405,Queens,"149,059","3,623",1.5,100.0,0.0,"87,674","3,401",2.4,"111,363","4,181",2.3,"94,715","4,180",2.7,"22,073",984,2.7,100.0,0.0,"61,866","5,208",5.1,"40,964","1,653",2.5,"43,349","1,280",1.8,100.0,0.0,"3,535",475,8.2,8.2,1.1,"180,159","4,387",1.5,100.0,0.0,"19,888","1,885",5.8,11.0,1.0,"35,351","1,768",3.0,100.0,0.0,"4,987",883,10.8,14.1,2.4,"26,782","1,556",3.5,100.0,0.0,"3,198",456,8.7,11.9,1.6,"180,159","4,387",1.5,100.0,0.0,"9,012",838,5.7,5.0,0.4,"4,106",604,8.9,2.3,0.3,"6,770",830,7.5,3.8,0.5,"5,947",668,6.8,3.3,0.4,"8,308",895,6.5,4.6,0.5,"8,209",774,5.7,4.6,0.4,"1,459",346,14.4,0.8,0.2,"4,935",727,9.0,2.7,0.4,"29,097","1,584",3.3,16.2,0.8,"27,108","1,680",3.8,15.0,0.9,"20,707","1,263",3.7,11.5,0.6,"54,501","2,070",2.3,30.3,0.9,,
CDTA2020,CD,QN06 Forest Hills-Rego Park (CD 6 Approximation),406,Queens,"100,243","2,982",1.8,100.0,0.0,"97,258","4,744",3.0,"131,730","9,335",4.3,"125,290","7,104",3.4,"21,502","1,110",3.1,100.0,0.0,"64,308","5,444",5.1,"57,560","3,784",4.0,"31,204","1,260",2.5,100.0,0.0,"2,655",479,11.0,8.5,1.5,"120,476","3,785",1.9,100.0,0.0,"12,301","1,584",7.8,10.2,1.3,"23,025","1,797",4.7,100.0,0.0,"2,464",761,18.8,10.7,3.2,"24,388","1,287",3.2,100.0,0.0,"3,688",591,9.7,15.1,2.3,"120,476","3,785",1.9,100.0,0.0,"5,415",747,8.4,4.5,0.6,"2,394",452,11.5,2.0,0.4,"4,492",748,10.1,3.7,0.6,"4,385",981,13.6,3.6,0.8,"3,520",622,10.7,2.9,0.5,"3,518",543,9.4,2.9,0.4,"1,035",433,25.4,0.9,0.4,"1,634",548,20.4,1.4,0.5,"11,894","1,240",6.3,9.9,1.0,"14,216","1,132",4.8,11.8,0.9,"11,871","1,061",5.4,9.9,0.8,"56,102","2,464",2.7,46.6,1.4,,
CDTA2020,CD,QN07 Flushing-Murray Hill-Whitestone (CD 7 Approximation),407,Queens,"208,930","4,833",1.4,100.0,0.0,"71,737","2,683",2.3,"100,187","4,337",2.6,"83,286","3,576",2.6,"29,873","1,508",3.1,100.0,0.0,"46,462","4,160",5.4,"37,949","1,551",2.5,"63,532","1,833",1.8,100.0,0.0,"7,953",877,6.7,12.5,1.3,"244,108","5,847",1.5,100.0,0.0,"36,998","2,849",4.7,15.2,1.1,"41,648","2,464",3.6,100.0,0.0,"7,687","1,189",9.4,18.5,2.6,"55,723","2,344",2.6,100.0,0.0,"11,297","1,261",6.8,20.3,2.1,"244,108","5,847",1.5,100.0,0.0,"15,983","1,473",5.6,6.5,0.6,"8,338","1,000",7.3,3.4,0.4,"12,677","1,194",5.7,5.2,0.5,"11,555","1,221",6.4,4.7,0.5,"12,109","1,152",5.8,5.0,0.5,"12,600","1,448",7.0,5.2,0.6,"5,733","1,014",10.8,2.3,0.4,"7,147",876,7.4,2.9,0.4,"34,562","2,138",3.8,14.2,0.8,"28,929","1,934",4.1,11.9,0.7,"27,649","2,077",4.6,11.3,0.8,"66,826","2,585",2.4,27.4,0.8,,
CDTA2020,CD,QN08 Fresh Meadows-Hillcrest-Briarwood (CD 8 Approximation),408,Queens,"125,954","3,682",1.8,100.0,0.0,"85,980","4,059",2.9,"110,403","5,901",3.2,"103,711","4,288",2.5,"18,080","1,173",3.9,100.0,0.0,"51,027","5,044",6.0,"40,340","2,190",3.3,"37,908","1,572",2.5,100.0,0.0,"3,283",628,11.6,8.7,1.6,"149,958","4,743",1.9,100.0,0.0,"17,669","2,170",7.5,11.8,1.4,"31,935","2,149",4.1,100.0,0.0,"3,939",899,13.9,12.3,2.7,"26,992","1,580",3.6,100.0,0.0,"3,952",666,10.3,14.6,2.3,"149,958","4,743",1.9,100.0,0.0,"7,764",888,7.0,5.2,0.6,"3,864",722,11.4,2.6,0.5,"6,041","1,009",10.2,4.0,0.7,"5,633",797,8.6,3.8,0.5,"5,129",728,8.6,3.4,0.5,"6,298","1,070",10.3,4.2,0.7,"2,751",655,14.5,1.8,0.4,"5,133",909,10.8,3.4,0.6,"21,215","1,597",4.6,14.1,1.0,"18,995","1,515",4.8,12.7,0.9,"16,105","1,354",5.1,10.7,0.8,"51,030","2,511",3.0,34.0,1.3,,
CDTA2020,CD,QN09 Kew Gardens-Richmond Hill-Woodhaven (CD 9 Approximation),409,Queens,"122,606","3,462",1.7,100.0,0.0,"89,047","3,548",2.4,"116,304","5,590",2.9,"95,424","4,314",2.7,"12,155",832,4.2,100.0,0.0,"60,534","6,505",6.5,"39,283","3,544",5.5,"34,179","1,149",2.0,100.0,0.0,"2,943",352,7.3,8.6,1.0,"148,215","4,391",1.8,100.0,0.0,"16,613","1,556",5.7,11.2,1.0,"30,207","1,983",4.0,100.0,0.0,"4,122",682,10.1,13.6,2.1,"21,375","1,366",3.9,100.0,0.0,"2,740",408,9.1,12.8,1.7,"148,215","4,391",1.8,100.0,0.0,"7,203",687,5.8,4.9,0.4,"4,561",498,6.6,3.1,0.3,"4,849",537,6.7,3.3,0.3,"7,173",953,8.1,4.8,0.6,"6,213",716,7.0,4.2,0.5,"5,832",854,8.9,3.9,0.6,"2,084",442,12.9,1.4,0.3,"3,284",511,9.5,2.2,0.3,"27,244","1,749",3.9,18.4,1.0,"21,170","1,325",3.8,14.3,0.8,"16,279","1,112",4.2,11.0,0.7,"42,323","1,915",2.7,28.6,1.0,,
CDTA2020,CD,QN10 South Ozone Park-Howard Beach (CD 10 Approximation),410,Queens,"111,152","3,507",1.9,100.0,0.0,"94,552","4,309",2.8,"122,574","7,738",3.8,"105,373","5,473",3.2,"9,320",861,5.6,100.0,0.0,"46,205","5,296",7.0,"37,811","2,403",3.9,"32,256","1,194",2.3,100.0,0.0,"2,478",382,9.4,7.7,1.1,"134,804","4,443",2.0,100.0,0.0,"13,718","1,541",6.8,10.2,1.1,"26,514","2,007",4.6,100.0,0.0,"2,863",582,12.4,10.8,2.0,"25,042","1,699",4.1,100.0,0.0,"3,038",591,11.8,12.1,2.2,"134,804","4,443",2.0,100.0,0.0,"6,693",724,6.6,5.0,0.5,"4,010",612,9.3,3.0,0.4,"3,015",489,9.9,2.2,0.4,"4,771",672,8.6,3.5,0.5,"5,199",857,10.0,3.9,0.6,"5,983",777,7.9,4.4,0.6,"1,408",315,13.6,1.0,0.2,"3,887",875,13.7,2.9,0.6,"21,466","1,516",4.3,15.9,1.0,"21,316","1,633",4.7,15.8,1.1,"14,330","1,172",5.0,10.6,0.8,"42,726","2,287",3.3,31.7,1.3,,
CDTA2020,CD,QN11 Auburndale-Bayside-Douglaston (CD 11 Approximation),411,Queens,"100,354","2,856",1.7,100.0,0.0,"105,206","4,445",2.6,"131,899","6,093",2.8,"122,918","5,754",2.8,"12,884",859,4.1,100.0,0.0,"65,668","6,291",5.8,"49,986","2,403",2.9,"32,363","1,148",2.2,100.0,0.0,"2,226",383,10.5,6.9,1.2,"120,403","3,526",1.8,100.0,0.0,"9,966","1,384",8.4,8.3,1.1,"22,940","1,537",4.1,100.0,0.0,"2,167",538,15.1,9.4,2.3,"26,298","1,484",3.4,100.0,0.0,"2,624",457,10.6,10.0,1.6,"120,403","3,526",1.8,100.0,0.0,"4,655",687,9.0,3.9,0.6,"1,804",344,11.6,1.5,0.3,"3,507",621,10.8,2.9,0.5,"3,889",597,9.3,3.2,0.5,"4,559",608,8.1,3.8,0.5,"2,588",392,9.2,2.1,0.3,"1,138",262,14.0,0.9,0.2,"2,434",494,12.3,2.0,0.4,"13,283","1,034",4.7,11.0,0.8,"13,365","1,215",5.5,11.1,1.0,"13,133","1,144",5.3,10.9,0.9,"56,048","2,245",2.4,46.6,1.3,,
CDTA2020,CD,QN12 Jamaica-St. Albans-Hollis (CD 12 Approximation),412,Queens,"205,174","4,419",1.3,100.0,0.0,"78,010","3,013",2.3,"100,136","3,751",2.3,"88,700","3,266",2.2,"20,031","1,046",3.2,100.0,0.0,"39,965","3,409",5.2,"32,301","1,236",2.3,"59,022","1,497",1.5,100.0,0.0,"5,938",686,7.0,10.1,1.1,"252,156","5,598",1.3,100.0,0.0,"31,644","2,140",4.1,12.5,0.8,"54,316","2,441",2.7,100.0,0.0,"7,888",999,7.7,14.5,1.7,"37,931","1,594",2.6,100.0,0.0,"5,048",583,7.0,13.3,1.4,"252,156","5,598",1.3,100.0,0.0,"16,472","1,130",4.2,6.5,0.4,"7,166",765,6.5,2.8,0.3,"8,006",778,5.9,3.2,0.3,"10,690","1,059",6.0,4.2,0.4,"11,480","1,060",5.6,4.6,0.4,"12,087","1,121",5.6,4.8,0.4,"3,269",477,8.9,1.3,0.2,"7,125",796,6.8,2.8,0.3,"46,979","2,044",2.6,18.6,0.7,"35,652","1,772",3.0,14.1,0.6,"31,304","1,928",3.7,12.4,0.7,"61,926","2,391",2.3,24.6,0.8,,
CDTA2020,CD,QN13 Queens Village-Bellerose-Rosedale (CD 13 Approximation),413,Queens,"172,404","3,984",1.4,100.0,0.0,"107,510","3,798",2.1,"130,237","8,123",3.8,"118,492","4,178",2.1,"15,682","1,018",3.9,100.0,0.0,"64,829","4,928",4.6,"42,774","2,705",3.8,"49,019","1,287",1.6,100.0,0.0,"2,480",479,11.7,5.1,1.0,"202,584","4,935",1.5,100.0,0.0,"16,853","2,251",8.1,8.3,1.1,"35,856","2,132",3.6,100.0,0.0,"3,800","1,117",17.9,10.6,3.1,"41,918","2,020",2.9,100.0,0.0,"3,942",815,12.6,9.4,1.9,"202,584","4,935",1.5,100.0,0.0,"7,105",708,6.1,3.5,0.3,"3,890",758,11.8,1.9,0.4,"5,858","1,050",10.9,2.9,0.5,"5,197",717,8.4,2.6,0.3,"4,269",543,7.7,2.1,0.3,"7,194",850,7.2,3.6,0.4,"2,381",397,10.1,1.2,0.2,"4,098",550,8.2,2.0,0.3,"32,726","1,799",3.3,16.2,0.8,"26,266","1,411",3.3,13.0,0.6,"26,576","1,662",3.8,13.1,0.8,"77,024","2,618",2.1,38.0,0.9,,
CDTA2020,CD,QN14 The Rockaways (CD 14 Equivalent),414,Queens,"99,197","3,313",2.0,100.0,0.0,"66,899","4,459",4.1,"99,312","6,572",4.0,"91,572","7,037",4.7,"16,389","1,042",3.9,100.0,0.0,"32,320","3,431",6.5,"35,600","2,478",4.2,"29,089","1,305",2.7,100.0,0.0,"4,536",608,8.1,15.6,2.0,"126,845","4,794",2.3,100.0,0.0,"24,945","2,525",6.2,19.7,1.8,"34,462","2,608",4.6,100.0,0.0,"7,942","1,333",10.2,23.0,3.5,"19,865","1,241",3.8,100.0,0.0,"4,378",630,8.8,22.0,2.9,"126,845","4,794",2.3,100.0,0.0,"11,332","1,239",6.6,8.9,0.9,"6,523",951,8.9,5.1,0.7,"7,090",878,7.5,5.6,0.7,"6,041",872,8.8,4.8,0.7,"4,699",695,9.0,3.7,0.5,"6,020",732,7.4,4.7,0.5,"1,789",426,14.5,1.4,0.3,"3,725",735,12.0,2.9,0.6,"17,991","1,769",6.0,14.2,1.3,"15,665","1,568",6.1,12.3,1.1,"11,053","1,157",6.4,8.7,0.9,"34,917","2,181",3.8,27.5,1.4,,
CDTA2020,JIA,QN80 LaGuardia Airport (JIA 80 Approximation),480,Queens,0,,,,,,,,,,,,,,0,,,,,,,,,,,0,,,,,0,,,,,0,,,,,0,,,,,0,,,,,0,,,,,0,,,,,0,,,,,0,,,,,0,,,,,0,,,,,0,,,,,0,,,,,0,,,,,0,,,,,0,,,,,0,,,,,0,,,,,0,,,,,0,,,,,0,,,,,,
CDTA2020,JIA,QN81 Flushing Meadows-Corona Park (JIA 81 Approximation),481,Queens,0,,,,,,,,,,,,,,0,,,,,,,,,,,0,,,,,0,,,,,0,,,,,0,,,,,0,,,,,0,,,,,0,,,,,0,,,,,0,,,,,0,,,,,0,,,,,0,,,,,0,,,,,0,,,,,0,,,,,0,,,,,0,,,,,0,,,,,0,,,,,0,,,,,0,,,,,,
CDTA2020,JIA,QN82 Forest Park (JIA 82 Approximation),482,Queens,0,,,,,,,,,,,,,,0,,,,,,,,,,,0,,,,,0,,,,,0,,,,,0,,,,,0,,,,,0,,,,,0,,,,,0,,,,,0,,,,,0,,,,,0,,,,,0,,,,,0,,,,,0,,,,,0,,,,,0,,,,,0,,,,,0,,,,,0,,,,,0,,,,,0,,,,,,
CDTA2020,JIA,QN83 JFK International Airport (JIA 83 Approximation),483,Queens,0,,,,,,,,,,,,,,0,,,,,,,,,,,0,,,,,0,,,,,0,,,,,0,,,,,0,,,,,0,,,,,0,,,,,0,,,,,0,,,,,0,,,,,0,,,,,0,,,,,0,,,,,0,,,,,0,,,,,0,,,,,0,,,,,0,,,,,0,,,,,0,,,,,0,,,,,,
CDTA2020,JIA,QN84 Jamaica Bay (East) (JIA 84 Approximation),484,Queens,8,13,98.8,100.0,0.0,"200,000",,,,,,,,,4,7,106.4,100.0,0.0,"200,000",,,,,,0,,,,,0,,,,,8,13,98.8,100.0,0.0,0,,,,,0,,,,,0,,,,,8,13,98.8,100.0,0.0,0,,,,,8,13,98.8,100.0,0.0,0,,,,,0,,,,,0,,,,,0,,,,,0,,,,,4,7,106.4,50.0,32.5,0,,,,,0,,,,,0,,,,,0,,,,,0,,,,,4,6,91.2,50.0,110.6,,
CDTA2020,CD,SI01 North Shore (CD 1 Equivalent),501,Staten Island,"145,953","3,919",1.6,100.0,0.0,"85,767","3,917",2.8,"110,092","4,796",2.6,"105,416","5,207",3.0,"20,371","1,156",3.4,100.0,0.0,"50,878","5,339",6.4,"40,100","2,230",3.4,"42,728","1,415",2.0,100.0,0.0,"5,183",590,6.9,12.1,1.3,"178,876","5,000",1.7,100.0,0.0,"28,402","2,562",5.5,15.9,1.4,"40,139","2,227",3.4,100.0,0.0,"8,932","1,406",9.6,22.3,3.3,"25,321","1,206",2.9,100.0,0.0,"3,843",480,7.6,15.2,1.8,"178,876","5,000",1.7,100.0,0.0,"15,141","1,259",5.1,8.5,0.7,"6,782",912,8.2,3.8,0.5,"6,479",911,8.5,3.6,0.5,"7,244","1,012",8.5,4.0,0.6,"7,002",999,8.7,3.9,0.5,"5,544",751,8.2,3.1,0.4,"1,518",361,14.5,0.8,0.2,"4,315",652,9.2,2.4,0.4,"24,146","1,673",4.2,13.5,0.9,"21,283","1,444",4.1,11.9,0.7,"19,628","1,445",4.5,11.0,0.7,"59,794","2,379",2.4,33.4,0.9,,
CDTA2020,CD,SI02 Mid-Island (CD 2 Approximation),502,Staten Island,"115,513","3,319",1.7,100.0,0.0,"95,190","4,069",2.6,"128,521","6,994",3.3,"109,811","5,068",2.8,"12,285",921,4.6,100.0,0.0,"51,973","4,678",5.5,"44,137","2,377",3.3,"36,080","1,326",2.2,100.0,0.0,"2,737",465,10.3,7.6,1.3,"140,088","4,228",1.8,100.0,0.0,"14,686","1,870",7.7,10.5,1.3,"29,601","1,889",3.9,100.0,0.0,"4,156",927,13.6,14.0,3.0,"26,400","1,333",3.1,100.0,0.0,"3,278",586,10.9,12.4,2.1,"140,088","4,228",1.8,100.0,0.0,"6,512",892,8.3,4.6,0.6,"3,691",727,12.0,2.6,0.5,"4,483",662,9.0,3.2,0.5,"4,770",672,8.6,3.4,0.5,"4,936",690,8.5,3.5,0.5,"6,190",827,8.1,4.4,0.6,"2,587",546,12.8,1.8,0.4,"2,978",534,10.9,2.1,0.4,"17,935","1,409",4.8,12.8,0.9,"16,520","1,367",5.0,11.8,0.9,"16,020","1,575",6.0,11.4,1.1,"53,466","2,177",2.5,38.2,1.0,,
CDTA2020,CD,SI03 South Shore (CD 3 Approximation),503,Staten Island,"136,704","3,695",1.6,100.0,0.0,"118,478","4,661",2.4,"140,420","6,304",2.7,"136,563","4,908",2.2,"13,382","1,033",4.7,100.0,0.0,"52,258","5,430",6.3,"49,209","2,243",2.8,"45,031","1,359",1.8,100.0,0.0,"2,015",374,11.3,4.5,0.8,"168,454","4,666",1.7,100.0,0.0,"10,081","1,320",8.0,6.0,0.8,"36,620","1,997",3.3,100.0,0.0,"2,660",648,14.8,7.3,1.7,"29,171","1,435",3.0,100.0,0.0,"2,231",422,11.5,7.6,1.4,"168,454","4,666",1.7,100.0,0.0,"4,867",706,8.8,2.9,0.4,"2,194",447,12.4,1.3,0.3,"3,020",636,12.8,1.8,0.4,"4,344",687,9.6,2.6,0.4,"5,000",828,10.1,3.0,0.5,"3,175",566,10.8,1.9,0.3,"1,913",591,18.8,1.1,0.3,"3,275",842,15.6,1.9,0.5,"19,707","1,749",5.4,11.7,1.0,"20,823","1,573",4.6,12.4,0.9,"19,108","1,626",5.2,11.3,0.9,"81,028","2,906",2.2,48.1,1.1,,
CDTA2020,JIA,SI95 Great Kills Park-Fort Wadsworth (JIA 95 Approximation),595,Staten Island,383,126,20.0,100.0,0.0,"92,141","61,395",40.5,"99,253","62,079",38.0,"99,581","72,337",44.2,29,21,44.0,100.0,0.0,"49,641",,,"35,689","21,570",36.7,141,52,22.6,100.0,0.0,0,,,,,499,191,23.2,100.0,0.0,8,12,91.2,1.6,2.3,156,97,37.8,100.0,0.0,0,,,,,11,15,82.9,100.0,0.0,0,,,,,499,191,23.2,100.0,0.0,0,,,,,0,,,,,8,12,91.2,1.6,2.3,0,,,,,24,38,96.3,4.8,7.4,0,,,,,0,,,,,40,49,74.8,8.0,9.4,112,52,28.4,22.4,6.1,157,75,29.0,31.5,9.0,5,8,97.3,1.0,1.6,153,97,38.6,30.7,15.5,,
